Name,Suburb,School Level
ADAM ROAD PRIMARY SCHOOL,SOUTH BUNBURY,PRIMARY SCHOOLS
AL-HIDAYAH ISLAMIC SCHOOL,BENTLEY,NON-GOVERNMENT
ALBANY COMMUNITY KINDERGARTEN,ALBANY,COMMUNITY KINDERGARTENS
ALBANY PRIMARY SCHOOL,ALBANY,PRIMARY SCHOOLS
ALBANY SECONDARY EDUCATION SUPPORT CENTRE,ALBANY,EDUCATION SUPPORT
ALBANY SENIOR HIGH SCHOOL,ALBANY,SECONDARY SCHOOLS
ALINJARRA PRIMARY SCHOOL,ALEXANDER HEIGHTS,PRIMARY SCHOOLS
ALKIMOS BAPTIST COLLEGE,MERRIWA,NON-GOVERNMENT
ALKIMOS BEACH PRIMARY SCHOOL,ALKIMOS,PRIMARY SCHOOLS
ALKIMOS PRIMARY SCHOOL,ALKIMOS,PRIMARY SCHOOLS
ALL SAINTS' COLLEGE,BULL CREEK,NON-GOVERNMENT
ALLANSON PRIMARY SCHOOL,ALLANSON,PRIMARY SCHOOLS
ALLENDALE PRIMARY SCHOOL,GERALDTON,PRIMARY SCHOOLS
ALTA-1,WANGARA,NON-GOVERNMENT
AMAROO PRIMARY SCHOOL,COLLIE,PRIMARY SCHOOLS
ANNE HAMERSLEY PRIMARY SCHOOL,ELLENBROOK,PRIMARY SCHOOLS
ANZAC TERRACE PRIMARY SCHOOL,BASSENDEAN,PRIMARY SCHOOLS
APPLECROSS PRIMARY SCHOOL,APPLECROSS,PRIMARY SCHOOLS
APPLECROSS SENIOR HIGH SCHOOL,ARDROSS,SECONDARY SCHOOLS
AQUINAS COLLEGE,SALTER POINT,NON-GOVERNMENT
ARANMORE CATHOLIC COLLEGE,LEEDERVILLE,NON-GOVERNMENT
ARANMORE CATHOLIC PRIMARY SCHOOL,LEEDERVILLE,NON-GOVERNMENT
ARBOR GROVE PRIMARY SCHOOL,ELLENBROOK,PRIMARY SCHOOLS
ARDROSS PRIMARY SCHOOL,ARDROSS,PRIMARY SCHOOLS
ARMADALE EDUCATION SUPPORT CENTRE,ARMADALE,EDUCATION SUPPORT
ARMADALE PRIMARY SCHOOL,ARMADALE,PRIMARY SCHOOLS
ARMADALE SENIOR HIGH SCHOOL,ARMADALE,SECONDARY SCHOOLS
ASHBURTON DRIVE PRIMARY SCHOOL,GOSNELLS,PRIMARY SCHOOLS
ASHDALE PRIMARY SCHOOL,DARCH,PRIMARY SCHOOLS
ASHDALE SECONDARY COLLEGE,DARCH,SECONDARY SCHOOLS
ASHFIELD PRIMARY SCHOOL,ASHFIELD,PRIMARY SCHOOLS
ASPIRI PRIMARY SCHOOL,PIARA WATERS,PRIMARY SCHOOLS
ASSUMPTION CATHOLIC PRIMARY SCHOOL,MANDURAH,NON-GOVERNMENT
ATLANTIS BEACH BAPTIST COLLEGE,TWO ROCKS,NON-GOVERNMENT
ATTADALE PRIMARY SCHOOL,ATTADALE,PRIMARY SCHOOLS
ATWELL COLLEGE,ATWELL,SECONDARY SCHOOLS
ATWELL PRIMARY SCHOOL,ATWELL,PRIMARY SCHOOLS
AUBIN GROVE PRIMARY SCHOOL,AUBIN GROVE,PRIMARY SCHOOLS
AUGUSTA PRIMARY SCHOOL,AUGUSTA,PRIMARY SCHOOLS
AUSTIN COVE BAPTIST COLLEGE,SOUTH YUNDERUP,NON-GOVERNMENT
AUSTRALIAN CHRISTIAN COLLEGE - DARLING DOWNS,HILBERT,NON-GOVERNMENT
AUSTRALIAN CHRISTIAN COLLEGE - SOUTHLANDS,ALBANY,NON-GOVERNMENT
AUSTRALIAN ISLAMIC COLLEGE - KEWDALE,KEWDALE,NON-GOVERNMENT
AUSTRALIAN ISLAMIC COLLEGE - NORTH OF THE RIVER,DIANELLA,NON-GOVERNMENT
AUSTRALIAN ISLAMIC COLLEGE - PERTH,THORNLIE,NON-GOVERNMENT
AUSTRALIND PRIMARY SCHOOL,AUSTRALIND,PRIMARY SCHOOLS
AUSTRALIND SENIOR HIGH SCHOOL,AUSTRALIND,SECONDARY SCHOOLS
AVELEY NORTH PRIMARY SCHOOL,AVELEY,PRIMARY SCHOOLS
AVELEY PRIMARY SCHOOL,AVELEY,PRIMARY SCHOOLS
AVELEY SECONDARY COLLEGE,ELLENBROOK,SECONDARY SCHOOLS
AVONVALE EDUCATION SUPPORT CENTRE,NORTHAM,EDUCATION SUPPORT
AVONVALE PRIMARY SCHOOL,NORTHAM,PRIMARY SCHOOLS
BABAKIN PRIMARY SCHOOL,BABAKIN,PRIMARY SCHOOLS
BADGINGARRA PRIMARY SCHOOL,BADGINGARRA,PRIMARY SCHOOLS
BAKERS HILL PRIMARY SCHOOL,BAKERS HILL,PRIMARY SCHOOLS
BALCATTA PRIMARY SCHOOL,BALCATTA,PRIMARY SCHOOLS
BALCATTA SENIOR HIGH SCHOOL,BALCATTA,SECONDARY SCHOOLS
BALDIVIS GARDENS PRIMARY SCHOOL,BALDIVIS,PRIMARY SCHOOLS
BALDIVIS PRIMARY SCHOOL,BALDIVIS,PRIMARY SCHOOLS
BALDIVIS SECONDARY COLLEGE,BALDIVIS,SECONDARY SCHOOLS
BALER PRIMARY SCHOOL,SOUTH HEDLAND,PRIMARY SCHOOLS
BALGA PRIMARY SCHOOL,BALGA,PRIMARY SCHOOLS
BALGA SENIOR HIGH SCHOOL,BALGA,SECONDARY SCHOOLS
BALINGUP PRIMARY SCHOOL,BALINGUP,PRIMARY SCHOOLS
BALLAJURA COMMUNITY COLLEGE,BALLAJURA,SECONDARY SCHOOLS
BALLAJURA PRIMARY SCHOOL,BALLAJURA,PRIMARY SCHOOLS
BAMBARA PRIMARY SCHOOL,PADBURY,PRIMARY SCHOOLS
BANKSIA GROVE PRIMARY SCHOOL,BANKSIA GROVE,PRIMARY SCHOOLS
BANKSIA MONTESSORI SCHOOL,DIANELLA,NON-GOVERNMENT
BANKSIA PARK PRIMARY SCHOOL,LEEMING,PRIMARY SCHOOLS
BANNISTER CREEK PRIMARY SCHOOL,LYNWOOD,PRIMARY SCHOOLS
BASSENDEAN PRIMARY SCHOOL,BASSENDEAN,PRIMARY SCHOOLS
BATEMAN PRIMARY SCHOOL,BATEMAN,PRIMARY SCHOOLS
BAYNTON WEST PRIMARY SCHOOL,BAYNTON,PRIMARY SCHOOLS
BAYSWATER PRIMARY SCHOOL,BAYSWATER,PRIMARY SCHOOLS
BAYULU REMOTE COMMUNITY SCHOOL,VIA FITZROY CROSSING,PRIMARY SCHOOLS
BEACHLANDS PRIMARY SCHOOL,GERALDTON,PRIMARY SCHOOLS
BEACON PRIMARY SCHOOL,BEACON,PRIMARY SCHOOLS
BEACONSFIELD PRIMARY SCHOOL,BEACONSFIELD,PRIMARY SCHOOLS
BEAUMARIS PRIMARY SCHOOL,OCEAN REEF,PRIMARY SCHOOLS
BECKENHAM PRIMARY SCHOOL,BECKENHAM,PRIMARY SCHOOLS
BEECHBORO CHRISTIAN SCHOOL,BEECHBORO,NON-GOVERNMENT
BEECHBORO PRIMARY SCHOOL,BEECHBORO,PRIMARY SCHOOLS
BEELIAR PRIMARY SCHOOL,BEELIAR,PRIMARY SCHOOLS
BELDON EDUCATION SUPPORT CENTRE,BELDON,EDUCATION SUPPORT
BELDON PRIMARY SCHOOL,BELDON,PRIMARY SCHOOLS
BELMAY PRIMARY SCHOOL,CLOVERDALE,PRIMARY SCHOOLS
BELMONT CITY COLLEGE,BELMONT,SECONDARY SCHOOLS
BELMONT PRIMARY SCHOOL,BELMONT,PRIMARY SCHOOLS
BELRIDGE SECONDARY COLLEGE,BELDON,SECONDARY SCHOOLS
BELRIDGE SECONDARY EDUCATION SUPPORT CENTRE,BELDON,EDUCATION SUPPORT
BENCUBBIN PRIMARY SCHOOL,BENCUBBIN,PRIMARY SCHOOLS
BENTLEY PRIMARY SCHOOL,BENTLEY,PRIMARY SCHOOLS
BERTRAM PRIMARY SCHOOL,BERTRAM,PRIMARY SCHOOLS
BETHEL CHRISTIAN SCHOOL,ALBANY,NON-GOVERNMENT
BEVERLEY DISTRICT HIGH SCHOOL,BEVERLEY,DISTRICT HIGH SCHOOLS
BIBLE BAPTIST CHRISTIAN ACADEMY,MOUNT HELENA,NON-GOVERNMENT
BIBRA LAKE PRIMARY SCHOOL,BIBRA LAKE,PRIMARY SCHOOLS
BICTON PRIMARY SCHOOL,BICTON,PRIMARY SCHOOLS
BINDOON PRIMARY SCHOOL,BINDOON,PRIMARY SCHOOLS
BINNU PRIMARY SCHOOL,BINNU,PRIMARY SCHOOLS
BIRLIRR NGAWIYIWU CATHOLIC SCHOOL - YARUMAN,VIA HALLS CREEK,NON-GOVERNMENT
BLETCHLEY PARK PRIMARY SCHOOL,SOUTHERN RIVER,PRIMARY SCHOOLS
BLUE GUM MONTESSORI SCHOOL INC,BIBRA LAKE,NON-GOVERNMENT
BLUFF POINT PRIMARY SCHOOL,BLUFF POINT,PRIMARY SCHOOLS
BODDINGTON DISTRICT HIGH SCHOOL,BODDINGTON,DISTRICT HIGH SCHOOLS
BOLD PARK COMMUNITY SCHOOL,WEMBLEY,NON-GOVERNMENT
BOLGART PRIMARY SCHOOL,BOLGART,PRIMARY SCHOOLS
BOORAGOON PRIMARY SCHOOL,BOORAGOON,PRIMARY SCHOOLS
BORDEN PRIMARY SCHOOL,BORDEN,PRIMARY SCHOOLS
BOULDER PRIMARY SCHOOL,BOULDER,PRIMARY SCHOOLS
BOYANUP PRIMARY SCHOOL,BOYANUP,PRIMARY SCHOOLS
BOYARE PRIMARY SCHOOL,MIRRABOOKA,PRIMARY SCHOOLS
BOYUP BROOK DISTRICT HIGH SCHOOL,BOYUP BROOK,DISTRICT HIGH SCHOOLS
BRAESIDE PRIMARY SCHOOL,KATANNING,PRIMARY SCHOOLS
BRAMFIELD PARK PRIMARY SCHOOL,MADDINGTON,PRIMARY SCHOOLS
BREMER BAY PRIMARY SCHOOL,BREMER BAY,PRIMARY SCHOOLS
BRENTWOOD PRIMARY SCHOOL,BRENTWOOD,PRIMARY SCHOOLS
BRIDGETOWN HIGH SCHOOL,BRIDGETOWN,SECONDARY SCHOOLS
BRIDGETOWN PRIMARY SCHOOL,BRIDGETOWN,PRIMARY SCHOOLS
BRIGHTON CATHOLIC PRIMARY SCHOOL,BUTLER,NON-GOVERNMENT
BROOKMAN PRIMARY SCHOOL,LANGFORD,PRIMARY SCHOOLS
BROOKTON DISTRICT HIGH SCHOOL,BROOKTON,DISTRICT HIGH SCHOOLS
BROOME NORTH PRIMARY SCHOOL,BROOME,PRIMARY SCHOOLS
BROOME PRIMARY SCHOOL,BROOME,PRIMARY SCHOOLS
BROOME SENIOR HIGH SCHOOL,BROOME,SECONDARY SCHOOLS
BROOMEHILL PRIMARY SCHOOL,BROOMEHILL,PRIMARY SCHOOLS
BRUCE ROCK DISTRICT HIGH SCHOOL,BRUCE ROCK,DISTRICT HIGH SCHOOLS
BRUNSWICK JUNCTION PRIMARY SCHOOL,BRUNSWICK JUNCTION,PRIMARY SCHOOLS
BULL CREEK PRIMARY SCHOOL,BULL CREEK,PRIMARY SCHOOLS
BULLSBROOK COLLEGE,BULLSBROOK,K-12 SCHOOLS
BULLSBROOK COMMUNITY KINDERGARTEN,EAST BULLSBROOK,COMMUNITY KINDERGARTENS
BUNBURY CATHEDRAL GRAMMAR SCHOOL,GELORUP,NON-GOVERNMENT
BUNBURY CATHOLIC COLLEGE,BUNBURY,NON-GOVERNMENT
BUNBURY PRIMARY SCHOOL,BUNBURY,PRIMARY SCHOOLS
BUNBURY REGIONAL COMMUNITY COLLEGE,BUNBURY,NON-GOVERNMENT
BUNBURY SENIOR HIGH SCHOOL,BUNBURY,SECONDARY SCHOOLS
BUNGAREE PRIMARY SCHOOL,ROCKINGHAM,PRIMARY SCHOOLS
BURBRIDGE SCHOOL,KOONDOOLA,EDUCATION SUPPORT
BURRENDAH PRIMARY SCHOOL,WILLETTON,PRIMARY SCHOOLS
BURRINGURRAH REMOTE COMMUNITY SCHOOL,MOUNT JAMES,PRIMARY SCHOOLS
BUSSELTON PRIMARY SCHOOL,BUSSELTON,PRIMARY SCHOOLS
BUSSELTON SENIOR HIGH SCHOOL,BUSSELTON,SECONDARY SCHOOLS
BUTLER COLLEGE,BUTLER,SECONDARY SCHOOLS
BUTLER PRIMARY SCHOOL,BUTLER,PRIMARY SCHOOLS
BYFORD JOHN CALVIN SCHOOL,BYFORD,NON-GOVERNMENT
BYFORD PRIMARY SCHOOL,BYFORD,PRIMARY SCHOOLS
BYFORD SECONDARY COLLEGE,BYFORD,SECONDARY SCHOOLS
CABLE BEACH PRIMARY SCHOOL,BROOME,PRIMARY SCHOOLS
CADOUX PRIMARY SCHOOL,CADOUX,PRIMARY SCHOOLS
CALADENIA PRIMARY SCHOOL,CANNING VALE,PRIMARY SCHOOLS
CALINGIRI PRIMARY SCHOOL,CALINGIRI,PRIMARY SCHOOLS
CALISTA PRIMARY SCHOOL,CALISTA,PRIMARY SCHOOLS
CAMBOON PRIMARY SCHOOL,NORANDA,PRIMARY SCHOOLS
CAMPBELL PRIMARY SCHOOL,CANNING VALE,PRIMARY SCHOOLS
CANNING COLLEGE,BENTLEY,SECONDARY SCHOOLS
CANNING VALE COLLEGE,CANNING VALE,SECONDARY SCHOOLS
CANNING VALE EDUCATION SUPPORT CENTRE,CANNING VALE,EDUCATION SUPPORT
CANNING VALE PRIMARY SCHOOL,CANNING VALE,PRIMARY SCHOOLS
CANNINGTON COMMUNITY COLLEGE,CANNINGTON,DISTRICT HIGH SCHOOLS
CANNINGTON COMMUNITY EDUCATION SUPPORT CENTRE,CANNINGTON,EDUCATION SUPPORT
CAPE NATURALISTE COLLEGE,VASSE,SECONDARY SCHOOLS
CAPEL PRIMARY SCHOOL,CAPEL,PRIMARY SCHOOLS
CARALEE COMMUNITY SCHOOL,WILLAGEE,PRIMARY SCHOOLS
CARCOOLA PRIMARY SCHOOL,PINJARRA,PRIMARY SCHOOLS
CAREY BAPTIST COLLEGE,HARRISDALE,NON-GOVERNMENT
CAREY BAPTIST COLLEGE - FORRESTDALE,FORRESTDALE,NON-GOVERNMENT
CAREY PARK PRIMARY SCHOOL,CAREY PARK,PRIMARY SCHOOLS
CARINE PRIMARY SCHOOL,CARINE,PRIMARY SCHOOLS
CARINE SENIOR HIGH SCHOOL,CARINE,SECONDARY SCHOOLS
CARLISLE PRIMARY SCHOOL,KEWDALE,PRIMARY SCHOOLS
CARMEL ADVENTIST COLLEGE,CARMEL,NON-GOVERNMENT
CARMEL ADVENTIST COLLEGE PRIMARY,BICKLEY,NON-GOVERNMENT
CARMEL SCHOOL,DIANELLA,NON-GOVERNMENT
CARNABY RISE PRIMARY SCHOOL,LANDSDALE,PRIMARY SCHOOLS
CARNAMAH DISTRICT HIGH SCHOOL,CARNAMAH,DISTRICT HIGH SCHOOLS
CARNARVON CHRISTIAN SCHOOL (INC),CARNARVON,NON-GOVERNMENT
CARNARVON COMMUNITY COLLEGE,CARNARVON,K-12 SCHOOLS
CARNARVON SCHOOL OF THE AIR,CARNARVON,PRIMARY SCHOOLS
CARRAMAR PRIMARY SCHOOL,CARRAMAR,PRIMARY SCHOOLS
CARSON STREET SCHOOL,EAST VICTORIA PARK,EDUCATION SUPPORT
CASA MIA MONTESSORI COMMUNITY SCHOOL,BASSENDEAN,NON-GOVERNMENT
CASCADE PRIMARY SCHOOL,CASCADE,PRIMARY SCHOOLS
CASSIA EDUCATION SUPPORT CENTRE,SOUTH HEDLAND,EDUCATION SUPPORT
CASSIA PRIMARY SCHOOL,SOUTH HEDLAND,PRIMARY SCHOOLS
CASTLEREAGH SCHOOL,WILLETTON,EDUCATION SUPPORT
CASTLETOWN PRIMARY SCHOOL,ESPERANCE,PRIMARY SCHOOLS
CAVERSHAM PRIMARY SCHOOL,WEST SWAN,PRIMARY SCHOOLS
CBC FREMANTLE,FREMANTLE,NON-GOVERNMENT
CECIL ANDREWS COLLEGE,ARMADALE,SECONDARY SCHOOLS
CENTRAL MIDLANDS SENIOR HIGH SCHOOL,MOORA,SECONDARY SCHOOLS
CERVANTES PRIMARY SCHOOL,CERVANTES,PRIMARY SCHOOLS
CHALLIS COMMUNITY PRIMARY SCHOOL,ARMADALE,PRIMARY SCHOOLS
CHAPMAN VALLEY PRIMARY SCHOOL,NABAWA,PRIMARY SCHOOLS
CHARTHOUSE PRIMARY SCHOOL,WAIKIKI,PRIMARY SCHOOLS
CHIDLOW PRIMARY SCHOOL,CHIDLOW,PRIMARY SCHOOLS
CHILD SIDE SCHOOL,BOYANUP,NON-GOVERNMENT
CHISHOLM CATHOLIC COLLEGE,BEDFORD,NON-GOVERNMENT
CHRIST CHURCH GRAMMAR SCHOOL,CLAREMONT,NON-GOVERNMENT
CHRIST THE KING CATHOLIC SCHOOL,LOMBADINA,NON-GOVERNMENT
CHRIST THE KING SCHOOL,BEACONSFIELD,NON-GOVERNMENT
CHRISTIAN ABORIGINAL PARENT-DIRECTED SCHOOL,COOLGARDIE,NON-GOVERNMENT
CHRISTIAN ABORIGINAL PARENT-DIRECTED SCHOOL - KURRAWANG,KALGOORLIE,NON-GOVERNMENT
CHRISTMAS ISLAND DISTRICT HIGH SCHOOL,CHRISTMAS ISLAND,DISTRICT HIGH SCHOOLS
CHRYSALIS MONTESSORI SCHOOL,GLENDALOUGH,NON-GOVERNMENT
CHURCHLANDS PRIMARY SCHOOL,FLOREAT,PRIMARY SCHOOLS
CHURCHLANDS SENIOR HIGH SCHOOL,CHURCHLANDS,SECONDARY SCHOOLS
CITY BEACH PRIMARY SCHOOL,CITY BEACH,PRIMARY SCHOOLS
CLARKSON COMMUNITY HIGH SCHOOL,CLARKSON,SECONDARY SCHOOLS
CLARKSON PRIMARY SCHOOL,CLARKSON,PRIMARY SCHOOLS
CLAYTON VIEW PRIMARY SCHOOL,KOONGAMIA,PRIMARY SCHOOLS
CLIFTON HILLS PRIMARY SCHOOL,KELMSCOTT,PRIMARY SCHOOLS
CLIFTON PARK PRIMARY SCHOOL,CLIFTON PARK,PRIMARY SCHOOLS
CLONTARF ABORIGINAL COLLEGE,WATERFORD,NON-GOVERNMENT
CLOVERDALE EDUCATION SUPPORT CENTRE,CLOVERDALE,EDUCATION SUPPORT
CLOVERDALE PRIMARY SCHOOL,CLOVERDALE,PRIMARY SCHOOLS
COCOS ISLANDS DISTRICT HIGH SCHOOL,COCOS ISLAND,DISTRICT HIGH SCHOOLS
COLLEGE ROW SCHOOL,BUNBURY,EDUCATION SUPPORT
COLLIE SENIOR HIGH SCHOOL,COLLIE,SECONDARY SCHOOLS
COLLIER PRIMARY SCHOOL,COMO,PRIMARY SCHOOLS
COMET BAY COLLEGE,SECRET HARBOUR,SECONDARY SCHOOLS
COMET BAY PRIMARY SCHOOL,SECRET HARBOUR,PRIMARY SCHOOLS
COMET CARE SCHOOL,CLARKSON,NON-GOVERNMENT
COMMUNICARE ACADEMY,KENWICK,NON-GOVERNMENT
COMO PRIMARY SCHOOL,COMO,PRIMARY SCHOOLS
COMO SECONDARY COLLEGE,COMO,SECONDARY SCHOOLS
CONDINGUP PRIMARY SCHOOL,CONDINGUP,PRIMARY SCHOOLS
CONNOLLY PRIMARY SCHOOL,CONNOLLY,PRIMARY SCHOOLS
COODANUP COLLEGE,MANDURAH,SECONDARY SCHOOLS
COOGEE PRIMARY SCHOOL,COOGEE,PRIMARY SCHOOLS
COOINDA PRIMARY SCHOOL,EAST BUNBURY,PRIMARY SCHOOLS
COOLBELLUP COMMUNITY SCHOOL,COOLBELLUP,PRIMARY SCHOOLS
COOLBELLUP LEARNING CENTRE,COOLBELLUP,EDUCATION SUPPORT
COOLBINIA PRIMARY SCHOOL,COOLBINIA,PRIMARY SCHOOLS
COOLGARDIE PRIMARY SCHOOL,COOLGARDIE,PRIMARY SCHOOLS
COOLOONGUP PRIMARY SCHOOL,COOLOONGUP,PRIMARY SCHOOLS
COOROW PRIMARY SCHOOL,COOROW,PRIMARY SCHOOLS
CORNERSTONE CHRISTIAN COLLEGE LTD,BUSSELTON,NON-GOVERNMENT
CORPUS CHRISTI COLLEGE,BATEMAN,NON-GOVERNMENT
CORRIDORS COLLEGE,MIDLAND,
CORRIGIN DISTRICT HIGH SCHOOL,CORRIGIN,DISTRICT HIGH SCHOOLS
COTTESLOE PRIMARY SCHOOL,PEPPERMINT GROVE,PRIMARY SCHOOLS
COWARAMUP PRIMARY SCHOOL,COWARAMUP,PRIMARY SCHOOLS
CRAIGIE HEIGHTS PRIMARY SCHOOL,CRAIGIE,PRIMARY SCHOOLS
CRANBROOK PRIMARY SCHOOL,CRANBROOK,PRIMARY SCHOOLS
CREANEY EDUCATION SUPPORT CENTRE,KINGSLEY,EDUCATION SUPPORT
CREANEY PRIMARY SCHOOL,KINGSLEY,PRIMARY SCHOOLS
CUE PRIMARY SCHOOL,CUE,PRIMARY SCHOOLS
CUNDERDIN DISTRICT HIGH SCHOOL,CUNDERDIN,DISTRICT HIGH SCHOOLS
CURRAMBINE PRIMARY SCHOOL,CURRAMBINE,PRIMARY SCHOOLS
CURTIN PRIMARY SCHOOL,MANNING,PRIMARY SCHOOLS
CYRIL JACKSON SENIOR CAMPUS,BASSENDEAN,SECONDARY SCHOOLS
CYRIL JACKSON SENIOR CAMPUS EDUCATION SUPPORT CENTRE,BASSENDEAN,EDUCATION SUPPORT
DALE CHRISTIAN SCHOOL,ARMADALE,NON-GOVERNMENT
DALKEITH PRIMARY SCHOOL,DALKEITH,PRIMARY SCHOOLS
DALMAIN PRIMARY SCHOOL,KINGSLEY,PRIMARY SCHOOLS
DALWALLINU DISTRICT HIGH SCHOOL,DALWALLINU,DISTRICT HIGH SCHOOLS
DALYELLUP COLLEGE,DALYELLUP,SECONDARY SCHOOLS
DALYELLUP PRIMARY SCHOOL,DALYELLUP,PRIMARY SCHOOLS
DAMPIER PRIMARY SCHOOL,DAMPIER,PRIMARY SCHOOLS
DANDARAGAN PRIMARY SCHOOL,DANDARAGAN,PRIMARY SCHOOLS
DARDANUP PRIMARY SCHOOL,DARDANUP,PRIMARY SCHOOLS
DARKAN PRIMARY SCHOOL,DARKAN,PRIMARY SCHOOLS
DARLING RANGE SPORTS COLLEGE,FORRESTFIELD,SECONDARY SCHOOLS
DARLINGTON PRIMARY SCHOOL,DARLINGTON,PRIMARY SCHOOLS
DAVALLIA PRIMARY SCHOOL,DUNCRAIG,PRIMARY SCHOOLS
DAWSON PARK PRIMARY SCHOOL,FORRESTFIELD,PRIMARY SCHOOLS
DAWUL REMOTE COMMUNITY SCHOOL,KUNUNURRA,PRIMARY SCHOOLS
DEANMORE PRIMARY SCHOOL,KARRINYUP,PRIMARY SCHOOLS
DENMARK PRIMARY SCHOOL,DENMARK,PRIMARY SCHOOLS
DENMARK SENIOR HIGH SCHOOL,DENMARK,SECONDARY SCHOOLS
DERBY DISTRICT HIGH SCHOOL,DERBY,DISTRICT HIGH SCHOOLS
DIANELLA HEIGHTS PRIMARY SCHOOL,DIANELLA,PRIMARY SCHOOLS
DIANELLA PRIMARY COLLEGE,DIANELLA,PRIMARY SCHOOLS
DIANELLA SECONDARY COLLEGE,DIANELLA,SECONDARY SCHOOLS
DIANELLA SECONDARY COLLEGE EDUCATION SUPPORT CENTRE,DIANELLA,EDUCATION SUPPORT
DIVINE MERCY COLLEGE,YANGEBUP,NON-GOVERNMENT
DJIDI DJIDI ABORIGINAL SCHOOL,BUNBURY,PRIMARY SCHOOLS
DJUGERARI REMOTE COMMUNITY SCHOOL,DJUGERARI COMMUNITY,PRIMARY SCHOOLS
DONGARA DISTRICT HIGH SCHOOL,DONGARA,DISTRICT HIGH SCHOOLS
DONNYBROOK DISTRICT HIGH SCHOOL,DONNYBROOK,DISTRICT HIGH SCHOOLS
DOUBLEVIEW PRIMARY SCHOOL,DOUBLEVIEW,PRIMARY SCHOOLS
DOWERIN DISTRICT HIGH SCHOOL,DOWERIN,DISTRICT HIGH SCHOOLS
DRYANDRA PRIMARY SCHOOL,MIRRABOOKA,PRIMARY SCHOOLS
DUDLEY PARK PRIMARY SCHOOL,MANDURAH,PRIMARY SCHOOLS
DUMBLEYUNG PRIMARY SCHOOL,DUMBLEYUNG,PRIMARY SCHOOLS
DUNCRAIG PRIMARY SCHOOL,DUNCRAIG,PRIMARY SCHOOLS
DUNCRAIG SENIOR HIGH SCHOOL,DUNCRAIG,SECONDARY SCHOOLS
DUNSBOROUGH PRIMARY SCHOOL,DUNSBOROUGH,PRIMARY SCHOOLS
DURHAM ROAD SCHOOL,BAYSWATER,EDUCATION SUPPORT
DWELLINGUP PRIMARY SCHOOL,DWELLINGUP,PRIMARY SCHOOLS
EAST BEECHBORO PRIMARY SCHOOL,BEECHBORO,PRIMARY SCHOOLS
EAST BUTLER PRIMARY SCHOOL,BUTLER,PRIMARY SCHOOLS
EAST FREMANTLE PRIMARY SCHOOL,FREMANTLE,PRIMARY SCHOOLS
EAST HAMERSLEY PRIMARY SCHOOL,HAMERSLEY,PRIMARY SCHOOLS
EAST HAMILTON HILL PRIMARY SCHOOL,HAMILTON HILL,PRIMARY SCHOOLS
EAST KALGOORLIE PRIMARY SCHOOL,KALGOORLIE,PRIMARY SCHOOLS
EAST KENWICK PRIMARY SCHOOL,KENWICK,PRIMARY SCHOOLS
EAST MADDINGTON PRIMARY SCHOOL,MADDINGTON,PRIMARY SCHOOLS
EAST MANJIMUP PRIMARY SCHOOL,MANJIMUP,PRIMARY SCHOOLS
EAST NARROGIN PRIMARY SCHOOL,NARROGIN,PRIMARY SCHOOLS
EAST VICTORIA PARK EDUCATION SUPPORT CENTRE,EAST VICTORIA PARK,EDUCATION SUPPORT
EAST VICTORIA PARK PRIMARY SCHOOL,EAST VICTORIA PARK,PRIMARY SCHOOLS
EAST WAIKIKI PRIMARY SCHOOL,COOLOONGUP,PRIMARY SCHOOLS
EAST WANNEROO PRIMARY SCHOOL,WANNEROO,PRIMARY SCHOOLS
EASTERN GOLDFIELDS COLLEGE,KALGOORLIE,SECONDARY SCHOOLS
EASTERN GOLDFIELDS EDUCATION SUPPORT CENTRE,KALGOORLIE,EDUCATION SUPPORT
EASTERN HILLS SENIOR HIGH SCHOOL,MOUNT HELENA,SECONDARY SCHOOLS
EATON COMMUNITY COLLEGE,EATON,SECONDARY SCHOOLS
EATON PRIMARY SCHOOL,EATON,PRIMARY SCHOOLS
EDDYSTONE PRIMARY SCHOOL,HEATHRIDGE,PRIMARY SCHOOLS
EDEN HILL PRIMARY SCHOOL,EDEN HILL,PRIMARY SCHOOLS
EDGEWATER PRIMARY SCHOOL,EDGEWATER,PRIMARY SCHOOLS
EDMUND RICE COLLEGE,BINDOON,NON-GOVERNMENT
EDNEY PRIMARY SCHOOL,HIGH WYCOMBE,PRIMARY SCHOOLS
ELLEN STIRLING PRIMARY SCHOOL,ELLENBROOK,PRIMARY SCHOOLS
ELLENBROOK CHRISTIAN COLLEGE,ELLENBROOK,NON-GOVERNMENT
ELLENBROOK PRIMARY SCHOOL,ELLENBROOK,PRIMARY SCHOOLS
ELLENBROOK SECONDARY COLLEGE,ELLENBROOK,SECONDARY SCHOOLS
EMBLETON PRIMARY SCHOOL,EMBLETON,PRIMARY SCHOOLS
EMMANUEL CATHOLIC COLLEGE,SUCCESS,NON-GOVERNMENT
EMMANUEL CHRISTIAN COMMUNITY SCHOOL,GIRRAWHEEN,NON-GOVERNMENT
ENDEAVOUR EDUCATION SUPPORT CENTRE,PORT KENNEDY,EDUCATION SUPPORT
ENDEAVOUR PRIMARY SCHOOL,PORT KENNEDY,PRIMARY SCHOOLS
ENEABBA PRIMARY SCHOOL,ENEABBA,PRIMARY SCHOOLS
ESPERANCE ANGLICAN COMMUNITY SCHOOL,ESPERANCE,NON-GOVERNMENT
ESPERANCE CHRISTIAN PRIMARY SCHOOL,ESPERANCE,NON-GOVERNMENT
ESPERANCE PRIMARY SCHOOL,ESPERANCE,PRIMARY SCHOOLS
ESPERANCE SENIOR HIGH SCHOOL,ESPERANCE,SECONDARY SCHOOLS
ESPERANCE SENIOR HIGH SCHOOL EDUCATION SUPPORT CENTRE,ESPERANCE,EDUCATION SUPPORT
EXCELSIOR PRIMARY SCHOOL,CANNING VALE,PRIMARY SCHOOLS
EXMOUTH DISTRICT HIGH SCHOOL,EXMOUTH,DISTRICT HIGH SCHOOLS
FAIRBRIDGE COLLEGE,PINJARRA,NON-GOVERNMENT
FAIRVIEW PRIMARY SCHOOL,COLLIE,PRIMARY SCHOOLS
FALCON PRIMARY SCHOOL,WANNANUP,PRIMARY SCHOOLS
FALLS ROAD PRIMARY SCHOOL,LESMURDIE,PRIMARY SCHOOLS
FITZROY VALLEY DISTRICT HIGH SCHOOL,FITZROY CROSSING,DISTRICT HIGH SCHOOLS
FLINDERS PARK PRIMARY SCHOOL,ALBANY,PRIMARY SCHOOLS
FLOREAT PARK PRIMARY SCHOOL,FLOREAT,PRIMARY SCHOOLS
FOREST CRESCENT PRIMARY SCHOOL,THORNLIE,PRIMARY SCHOOLS
FORRESTDALE PRIMARY SCHOOL,FORRESTDALE,PRIMARY SCHOOLS
FORRESTFIELD PRIMARY SCHOOL,FORRESTFIELD,PRIMARY SCHOOLS
FOUNDATION CHRISTIAN COLLEGE,GREENFIELDS,NON-GOVERNMENT
FOUNTAIN COLLEGE,FERNDALE,NON-GOVERNMENT
FRANCIS JORDAN CATHOLIC SCHOOL,CURRAMBINE,NON-GOVERNMENT
FRANKLAND RIVER PRIMARY SCHOOL,FRANKLAND RIVER,PRIMARY SCHOOLS
FREDERICK IRWIN ANGLICAN SCHOOL,MANDURAH,NON-GOVERNMENT
FREMANTLE CHRISTIAN COLLEGE,HAMILTON HILL,NON-GOVERNMENT
FREMANTLE COLLEGE,BEACONSFIELD,SECONDARY SCHOOLS
FREMANTLE LANGUAGE DEVELOPMENT CENTRE,WILLAGEE,EDUCATION SUPPORT
FREMANTLE PRIMARY SCHOOL,FREMANTLE,PRIMARY SCHOOLS
FRESHWATER BAY PRIMARY SCHOOL,CLAREMONT,PRIMARY SCHOOLS
GAIRDNER PRIMARY SCHOOL,GAIRDNER,PRIMARY SCHOOLS
GASCOYNE JUNCTION REMOTE COMMUNITY SCHOOL,GASCOYNE JUNCTION,PRIMARY SCHOOLS
GEOGRAPHE EDUCATION SUPPORT CENTRE,BUSSELTON,EDUCATION SUPPORT
GEOGRAPHE PRIMARY SCHOOL,BUSSELTON,PRIMARY SCHOOLS
GEORGIANA MOLLOY ANGLICAN SCHOOL,YALYALUP,NON-GOVERNMENT
GERALDTON FLEXIBLE LEARNING CENTRE,GERALDTON,NON-GOVERNMENT
GERALDTON GRAMMAR SCHOOL,GERALDTON,NON-GOVERNMENT
GERALDTON PRIMARY SCHOOL,GERALDTON,PRIMARY SCHOOLS
GERALDTON SENIOR COLLEGE,GERALDTON,SECONDARY SCHOOLS
GIBBS STREET PRIMARY SCHOOL,EAST CANNINGTON,PRIMARY SCHOOLS
GIDGEGANNUP PRIMARY SCHOOL,GIDGEGANNUP,PRIMARY SCHOOLS
GILMORE COLLEGE,ORELIA,SECONDARY SCHOOLS
GINGIN DISTRICT HIGH SCHOOL,GINGIN,DISTRICT HIGH SCHOOLS
GIRRAWHEEN SENIOR HIGH SCHOOL,GIRRAWHEEN,SECONDARY SCHOOLS
GLADYS NEWTON SCHOOL,BALGA,EDUCATION SUPPORT
GLEN FORREST COMMUNITY KINDERGARTEN,GLEN FORREST,COMMUNITY KINDERGARTENS
GLEN FORREST PRIMARY SCHOOL,GLEN FORREST,PRIMARY SCHOOLS
GLEN HUON PRIMARY SCHOOL,EATON,PRIMARY SCHOOLS
GLENCOE PRIMARY SCHOOL,HALLS HEAD,PRIMARY SCHOOLS
GLENDALE PRIMARY SCHOOL,HAMERSLEY,PRIMARY SCHOOLS
GLENGARRY PRIMARY SCHOOL,DUNCRAIG,PRIMARY SCHOOLS
GNOWANGERUP DISTRICT HIGH SCHOOL,GNOWANGERUP,DISTRICT HIGH SCHOOLS
GOLDEN BAY PRIMARY SCHOOL,GOLDEN BAY,PRIMARY SCHOOLS
GOLDEN HILL STEINER SCHOOL,DENMARK,NON-GOVERNMENT
GOLDFIELDS BAPTIST COLLEGE,KALGOORLIE,NON-GOVERNMENT
GOOD SHEPHERD CATHOLIC PRIMARY SCHOOL,KELMSCOTT,NON-GOVERNMENT
GOOD SHEPHERD CATHOLIC SCHOOL,LOCKRIDGE,NON-GOVERNMENT
GOOLLELAL PRIMARY SCHOOL,KINGSLEY,PRIMARY SCHOOLS
GOOMALLING PRIMARY SCHOOL,GOOMALLING,PRIMARY SCHOOLS
GOOSEBERRY HILL PRIMARY SCHOOL,GOOSEBERRY HILL,PRIMARY SCHOOLS
GOSNELLS PRIMARY SCHOOL,GOSNELLS,PRIMARY SCHOOLS
GOVERNOR STIRLING SENIOR HIGH SCHOOL,WOODBRIDGE,SECONDARY SCHOOLS
GRACE CHRISTIAN SCHOOL,BUNBURY,NON-GOVERNMENT
GREAT SOUTHERN GRAMMAR,LOWER KALGAN,NON-GOVERNMENT
GREENBUSHES PRIMARY SCHOOL,GREENBUSHES,PRIMARY SCHOOLS
GREENFIELDS PRIMARY SCHOOL,GREENFIELDS,PRIMARY SCHOOLS
GREENMOUNT PRIMARY SCHOOL,GREENMOUNT,PRIMARY SCHOOLS
GREENWOOD COLLEGE,GREENWOOD,SECONDARY SCHOOLS
GREENWOOD PRIMARY SCHOOL,GREENWOOD,PRIMARY SCHOOLS
GROVELANDS PRIMARY SCHOOL,CAMILLO,PRIMARY SCHOOLS
GUILDFORD GRAMMAR SCHOOL,GUILDFORD,NON-GOVERNMENT
GUILDFORD PRIMARY SCHOOL,GUILDFORD,PRIMARY SCHOOLS
GWYNNE PARK EDUCATION SUPPORT CENTRE,ARMADALE,EDUCATION SUPPORT
GWYNNE PARK PRIMARY SCHOOL,ARMADALE,PRIMARY SCHOOLS
HALE SCHOOL,WEMBLEY DOWNS,NON-GOVERNMENT
HALIDON PRIMARY SCHOOL,KINGSLEY,PRIMARY SCHOOLS
HALLS CREEK DISTRICT HIGH SCHOOL,HALLS CREEK,DISTRICT HIGH SCHOOLS
HALLS HEAD COLLEGE,HALLS HEAD,SECONDARY SCHOOLS
HALLS HEAD COLLEGE EDUCATION SUPPORT CENTRE,HALLS HEAD,EDUCATION SUPPORT
HALLS HEAD PRIMARY SCHOOL,HALLS HEAD,PRIMARY SCHOOLS
HAMMOND PARK CATHOLIC PRIMARY SCHOOL,HAMMOND PARK,NON-GOVERNMENT
HAMMOND PARK PRIMARY SCHOOL,HAMMOND PARK,PRIMARY SCHOOLS
HAMPTON PARK PRIMARY SCHOOL,MORLEY,PRIMARY SCHOOLS
HAMPTON SENIOR HIGH SCHOOL,MORLEY,SECONDARY SCHOOLS
HANNANS PRIMARY SCHOOL,KALGOORLIE,PRIMARY SCHOOLS
HARMONY PRIMARY SCHOOL,ATWELL,PRIMARY SCHOOLS
HARRISDALE PRIMARY SCHOOL,HARRISDALE,PRIMARY SCHOOLS
HARRISDALE SENIOR HIGH SCHOOL,HARRISDALE,SECONDARY SCHOOLS
HARVEY PRIMARY SCHOOL,HARVEY,PRIMARY SCHOOLS
HARVEY SENIOR HIGH SCHOOL,HARVEY,SECONDARY SCHOOLS
HAWKER PARK PRIMARY SCHOOL,WARWICK,PRIMARY SCHOOLS
HAZEL ORME COMMUNITY KINDERGARTEN,WHITE GUM VALLEY,COMMUNITY KINDERGARTENS
HEATHRIDGE PRIMARY SCHOOL,HEATHRIDGE,PRIMARY SCHOOLS
HEDLAND SENIOR HIGH SCHOOL,SOUTH HEDLAND,SECONDARY SCHOOLS
HELENA COLLEGE,GLEN FORREST,NON-GOVERNMENT
HELENA RIVER STEINER SCHOOL,MIDLAND,NON-GOVERNMENT
HELENA VALLEY PRIMARY SCHOOL,HELENA VALLEY,PRIMARY SCHOOLS
HENSMAN STREET ELEMENTARY,SOUTH PERTH,NON-GOVERNMENT
HERITAGE COLLEGE,FORRESTFIELD,NON-GOVERNMENT
HERNE HILL PRIMARY SCHOOL,HERNE HILL,PRIMARY SCHOOLS
HIGH WYCOMBE PRIMARY SCHOOL,HIGH WYCOMBE,PRIMARY SCHOOLS
HIGHGATE PRIMARY SCHOOL,HIGHGATE,PRIMARY SCHOOLS
HILLARYS COMMUNITY KINDERGARTEN,HILLARYS,COMMUNITY KINDERGARTENS
HILLARYS PRIMARY SCHOOL,HILLARYS,PRIMARY SCHOOLS
HILLCREST PRIMARY SCHOOL,BAYSWATER,PRIMARY SCHOOLS
HILLMAN PRIMARY SCHOOL,HILLMAN,PRIMARY SCHOOLS
HILLSIDE CHRISTIAN COLLEGE,FORRESTFIELD,NON-GOVERNMENT
HILTON PRIMARY SCHOOL,HILTON,PRIMARY SCHOOLS
HOCKING PRIMARY SCHOOL,HOCKING,PRIMARY SCHOOLS
HOLLAND STREET SCHOOL,GERALDTON,EDUCATION SUPPORT
HOLLYWOOD PRIMARY SCHOOL,NEDLANDS,PRIMARY SCHOOLS
HOLY CROSS COLLEGE,ELLENBROOK,NON-GOVERNMENT
HOLY ROSARY SCHOOL,DERBY,NON-GOVERNMENT
HOLY ROSARY SCHOOL,DOUBLEVIEW,NON-GOVERNMENT
HOLY SPIRIT SCHOOL,CITY BEACH,NON-GOVERNMENT
HONEYWOOD PRIMARY SCHOOL,WANDI,PRIMARY SCHOOLS
HOPE CHRISTIAN COLLEGE,ROELANDS,NON-GOVERNMENT
HOPETOUN PRIMARY SCHOOL,HOPETOUN,PRIMARY SCHOOLS
HUDSON PARK PRIMARY SCHOOL,GIRRAWHEEN,PRIMARY SCHOOLS
HUNTINGDALE PRIMARY SCHOOL,HUNTINGDALE,PRIMARY SCHOOLS
HYDEN PRIMARY SCHOOL,HYDEN,PRIMARY SCHOOLS
ILLAWARRA PRIMARY SCHOOL,BALLAJURA,PRIMARY SCHOOLS
IMMACULATE HEART COLLEGE,LOWER CHITTERING,NON-GOVERNMENT
INFANT JESUS SCHOOL,MORLEY,NON-GOVERNMENT
INGLEWOOD PRIMARY SCHOOL,INGLEWOOD,PRIMARY SCHOOLS
INTERNATIONAL SCHOOL OF WESTERN AUSTRALIA,CITY BEACH,NON-GOVERNMENT
IONA PRESENTATION COLLEGE,MOSMAN PARK,NON-GOVERNMENT
IRENE MCCORMACK CATHOLIC COLLEGE,BUTLER,NON-GOVERNMENT
JANDAKOT PRIMARY SCHOOL,SUCCESS,PRIMARY SCHOOLS
JARRAHDALE PRIMARY SCHOOL,JARRAHDALE,PRIMARY SCHOOLS
JERDACUTTUP PRIMARY SCHOOL,RAVENSTHORPE,PRIMARY SCHOOLS
JERRAMUNGUP DISTRICT HIGH SCHOOL,JERRAMUNGUP,DISTRICT HIGH SCHOOLS
JIGALONG REMOTE COMMUNITY SCHOOL,VIA NEWMAN,PRIMARY SCHOOLS
JOHN BUTLER PRIMARY COLLEGE,BUTLER,PRIMARY SCHOOLS
JOHN CALVIN CHRISTIAN COLLEGE,ARMADALE,NON-GOVERNMENT
JOHN CALVIN SCHOOL,ALBANY,NON-GOVERNMENT
JOHN CURTIN COLLEGE OF THE ARTS,FREMANTLE,SECONDARY SCHOOLS
JOHN FORREST SECONDARY COLLEGE,MORLEY,SECONDARY SCHOOLS
JOHN PAUL COLLEGE,KALGOORLIE,NON-GOVERNMENT
JOHN PUJAJANGKA-PIYIRN SCHOOL,"VIA HALLS CREEK, MULAN",NON-GOVERNMENT
JOHN SEPTIMUS ROE ANGLICAN COMMUNITY SCHOOL,MIRRABOOKA,NON-GOVERNMENT
JOHN TONKIN COLLEGE,MANDURAH,SECONDARY SCHOOLS
JOHN TONKIN COLLEGE EDUCATION SUPPORT CENTRE,MANDURAH,EDUCATION SUPPORT
JOHN WILLCOCK COLLEGE,GERALDTON,SECONDARY SCHOOLS
JOHN WOLLASTON ANGLICAN COMMUNITY SCHOOL,CAMILLO,NON-GOVERNMENT
JOHN XXIII COLLEGE,MOUNT CLAREMONT,NON-GOVERNMENT
JOLIMONT PRIMARY SCHOOL,JOLIMONT,PRIMARY SCHOOLS
JOONDALUP EDUCATION SUPPORT CENTRE,JOONDALUP,EDUCATION SUPPORT
JOONDALUP PRIMARY SCHOOL,JOONDALUP,PRIMARY SCHOOLS
JOSEPH BANKS SECONDARY COLLEGE,BANKSIA GROVE,SECONDARY SCHOOLS
JUNGDRANUNG REMOTE COMMUNITY SCHOOL,GLEN HILL STATION,PRIMARY SCHOOLS
JURIEN BAY DISTRICT HIGH SCHOOL,JURIEN BAY,DISTRICT HIGH SCHOOLS
KALAMUNDA CHRISTIAN SCHOOL,WALLISTON,NON-GOVERNMENT
KALAMUNDA PRIMARY EDUCATION SUPPORT CENTRE,KALAMUNDA,EDUCATION SUPPORT
KALAMUNDA PRIMARY SCHOOL,KALAMUNDA,PRIMARY SCHOOLS
KALAMUNDA SECONDARY EDUCATION SUPPORT CENTRE,KALAMUNDA,EDUCATION SUPPORT
KALAMUNDA SENIOR HIGH SCHOOL,KALAMUNDA,SECONDARY SCHOOLS
KALANNIE PRIMARY SCHOOL,KALANNIE,PRIMARY SCHOOLS
KALBARRI DISTRICT HIGH SCHOOL,KALBARRI,DISTRICT HIGH SCHOOLS
KALGOORLIE PRIMARY SCHOOL,KALGOORLIE,PRIMARY SCHOOLS
KALGOORLIE SCHOOL OF THE AIR,BOULDER,PRIMARY SCHOOLS
KALGOORLIE-BOULDER COMMUNITY HIGH SCHOOL,KALGOORLIE,SECONDARY SCHOOLS
KALUMBURU REMOTE COMMUNITY SCHOOL,KALUMBURU,PRIMARY SCHOOLS
KAMBALDA PRIMARY SCHOOL,KAMBALDA EAST,PRIMARY SCHOOLS
KAMBALDA WEST DISTRICT HIGH SCHOOL,KAMBALDA WEST,DISTRICT HIGH SCHOOLS
KAPINARA PRIMARY SCHOOL,CITY BEACH,PRIMARY SCHOOLS
KARDINYA PRIMARY SCHOOL,KARDINYA,PRIMARY SCHOOLS
KARRATHA PRIMARY SCHOOL,KARRATHA,PRIMARY SCHOOLS
KARRATHA SENIOR HIGH SCHOOL,KARRATHA,SECONDARY SCHOOLS
KARRIDALE PRIMARY SCHOOL,KARRIDALE,PRIMARY SCHOOLS
KARRINYUP PRIMARY SCHOOL,KARRINYUP,PRIMARY SCHOOLS
KATANNING PRIMARY SCHOOL,KATANNING,PRIMARY SCHOOLS
KATANNING SENIOR HIGH SCHOOL,KATANNING,SECONDARY SCHOOLS
KEARNAN COLLEGE,MANJIMUP,NON-GOVERNMENT
KELLERBERRIN DISTRICT HIGH SCHOOL,KELLERBERRIN,DISTRICT HIGH SCHOOLS
KELMSCOTT JOHN CALVIN SCHOOL,CHAMPION LAKES,NON-GOVERNMENT
KELMSCOTT PRIMARY SCHOOL,KELMSCOTT,PRIMARY SCHOOLS
KELMSCOTT SENIOR HIGH SCHOOL,KELMSCOTT,SECONDARY SCHOOLS
KENDENUP PRIMARY SCHOOL,KENDENUP,PRIMARY SCHOOLS
KENNEDY BAPTIST COLLEGE,MURDOCH,NON-GOVERNMENT
KENSINGTON PRIMARY SCHOOL,KENSINGTON,PRIMARY SCHOOLS
KENSINGTON SECONDARY SCHOOL,KENSINGTON,EDUCATION SUPPORT
KENT STREET SENIOR HIGH SCHOOL,EAST VICTORIA PARK,SECONDARY SCHOOLS
KENWICK SCHOOL,KENWICK,EDUCATION SUPPORT
KERRY STREET COMMUNITY SCHOOL,HAMILTON HILL,NON-GOVERNMENT
KEWDALE PRIMARY SCHOOL,KEWDALE,PRIMARY SCHOOLS
KIARA COLLEGE,KIARA,SECONDARY SCHOOLS
KIMBERLEY SCHOOL OF THE AIR,DERBY,PRIMARY SCHOOLS
KINDAIMANNA COMMUNITY KINDERGARTEN,KELMSCOTT,COMMUNITY KINDERGARTENS
KINGSLEY PRIMARY SCHOOL,ARMADALE,PRIMARY SCHOOLS
KINGSTON PRIMARY SCHOOL,AUSTRALIND,PRIMARY SCHOOLS
KINGSWAY CHRISTIAN COLLEGE,DARCH,NON-GOVERNMENT
KINROSS COLLEGE,KINROSS,SECONDARY SCHOOLS
KINROSS PRIMARY SCHOOL,KINROSS,PRIMARY SCHOOLS
KIRUP PRIMARY SCHOOL,KIRUP,PRIMARY SCHOOLS
KOJONUP DISTRICT HIGH SCHOOL,KOJONUP,DISTRICT HIGH SCHOOLS
KOLBE CATHOLIC COLLEGE,ROCKINGHAM,NON-GOVERNMENT
KONDININ PRIMARY SCHOOL,KONDININ,PRIMARY SCHOOLS
KOONDOOLA PRIMARY SCHOOL,KOONDOOLA,PRIMARY SCHOOLS
KOORANA EDUCATION SUPPORT CENTRE,WARNBRO,EDUCATION SUPPORT
KOORANA PRIMARY SCHOOL,WARNBRO,PRIMARY SCHOOLS
KOORDA PRIMARY SCHOOL,KOORDA,PRIMARY SCHOOLS
KUKERIN PRIMARY SCHOOL,KUKERIN,PRIMARY SCHOOLS
KULIN DISTRICT HIGH SCHOOL,KULIN,DISTRICT HIGH SCHOOLS
KULKARRIYA COMMUNITY SCHOOL,VIA FITZROY CROSSING,NON-GOVERNMENT
KUNUNURRA DISTRICT HIGH SCHOOL,KUNUNURRA,K-12 SCHOOLS
KURURRUNGKU CATHOLIC EDUCATION CENTRE,VIA HALLS CREEK,NON-GOVERNMENT
KYILLA PRIMARY SCHOOL,NORTH PERTH,PRIMARY SCHOOLS
LA GRANGE REMOTE COMMUNITY SCHOOL,BIDYADANGA,PRIMARY SCHOOLS
LA SALLE COLLEGE,MIDDLE SWAN,NON-GOVERNMENT
LAKE GRACE DISTRICT HIGH SCHOOL,LAKE GRACE,DISTRICT HIGH SCHOOLS
LAKE GWELUP PRIMARY SCHOOL,GWELUP,PRIMARY SCHOOLS
LAKE JOONDALUP BAPTIST COLLEGE,JOONDALUP,NON-GOVERNMENT
LAKE KING PRIMARY SCHOOL,LAKE KING,PRIMARY SCHOOLS
LAKE MONGER PRIMARY SCHOOL,WEMBLEY,PRIMARY SCHOOLS
LAKELAND SENIOR HIGH SCHOOL,SOUTH LAKE,SECONDARY SCHOOLS
LAKELANDS PRIMARY SCHOOL,LAKELANDS,PRIMARY SCHOOLS
LANCE HOLT SCHOOL,FREMANTLE,NON-GOVERNMENT
LANCELIN PRIMARY SCHOOL,LANCELIN,PRIMARY SCHOOLS
LANDSDALE CHRISTIAN SCHOOL,LANDSDALE,NON-GOVERNMENT
LANDSDALE PRIMARY SCHOOL,LANDSDALE,PRIMARY SCHOOLS
LANGFORD ISLAMIC COLLEGE,LANGFORD,NON-GOVERNMENT
LATHLAIN PRIMARY SCHOOL,LATHLAIN,PRIMARY SCHOOLS
LAVERTON SCHOOL,LAVERTON,PRIMARY SCHOOLS
LEANING TREE STEINER SCHOOL,GERALDTON,NON-GOVERNMENT
LEDA EDUCATION SUPPORT CENTRE,LEDA,EDUCATION SUPPORT
LEDA PRIMARY SCHOOL,LEDA,PRIMARY SCHOOLS
LEEMAN PRIMARY SCHOOL,LEEMAN,PRIMARY SCHOOLS
LEEMING PRIMARY SCHOOL,LEEMING,PRIMARY SCHOOLS
LEEMING SENIOR HIGH SCHOOL,LEEMING,SECONDARY SCHOOLS
LEEMING SENIOR HIGH SCHOOL EDUCATION SUPPORT CENTRE,LEEMING,EDUCATION SUPPORT
LEINSTER COMMUNITY SCHOOL,LEINSTER,PRIMARY SCHOOLS
LEONORA DISTRICT HIGH SCHOOL,LEONORA,DISTRICT HIGH SCHOOLS
LESCHENAULT CATHOLIC PRIMARY SCHOOL,AUSTRALIND,NON-GOVERNMENT
LESMURDIE PRIMARY SCHOOL,LESMURDIE,PRIMARY SCHOOLS
LESMURDIE SENIOR HIGH SCHOOL,LESMURDIE,SECONDARY SCHOOLS
LITTLE GROVE PRIMARY SCHOOL,LITTLE GROVE,PRIMARY SCHOOLS
LIVING WATERS LUTHERAN COLLEGE,WARNBRO,NON-GOVERNMENT
LIWARA CATHOLIC PRIMARY SCHOOL,GREENWOOD,NON-GOVERNMENT
LOCKRIDGE PRIMARY SCHOOL,LOCKRIDGE,PRIMARY SCHOOLS
LOCKYER COMMUNITY KINDERGARTEN,ALBANY,COMMUNITY KINDERGARTENS
LOOMA REMOTE COMMUNITY SCHOOL,LOOMA,PRIMARY SCHOOLS
LORETO NEDLANDS,NEDLANDS,NON-GOVERNMENT
LOWER KING COMMUNITY KINDERGARTEN,LOWER KING,COMMUNITY KINDERGARTENS
LUMEN CHRISTI COLLEGE,MARTIN,NON-GOVERNMENT
LUURNPA CATHOLIC SCHOOL,VIA HALLS CREEK,NON-GOVERNMENT
LYNWOOD SENIOR HIGH SCHOOL,PARKWOOD,SECONDARY SCHOOLS
MADDINGTON EDUCATION SUPPORT CENTRE,MADDINGTON,EDUCATION SUPPORT
MADDINGTON PRIMARY SCHOOL,MADDINGTON,PRIMARY SCHOOLS
MADELEY PRIMARY SCHOOL,MADELEY,PRIMARY SCHOOLS
MAIDA VALE PRIMARY SCHOOL,MAIDA VALE,PRIMARY SCHOOLS
MAIDENS PARK PRIMARY SCHOOL,BUNBURY,PRIMARY SCHOOLS
MAJELLA CATHOLIC PRIMARY SCHOOL,BALGA,NON-GOVERNMENT
MAKYBE RISE PRIMARY SCHOOL,BALDIVIS,PRIMARY SCHOOLS
MALIBU SCHOOL,SAFETY BAY,EDUCATION SUPPORT
MALVERN SPRINGS PRIMARY SCHOOL,ELLENBROOK,PRIMARY SCHOOLS
MANDURAH BAPTIST COLLEGE,LAKELANDS,NON-GOVERNMENT
MANDURAH CATHOLIC COLLEGE,MANDURAH,NON-GOVERNMENT
MANDURAH PRIMARY SCHOOL,MANDURAH,PRIMARY SCHOOLS
MANEA SENIOR COLLEGE,BUNBURY,SECONDARY SCHOOLS
MANJIMUP EDUCATION SUPPORT CENTRE,MANJIMUP,EDUCATION SUPPORT
MANJIMUP PRIMARY SCHOOL,MANJIMUP,PRIMARY SCHOOLS
MANJIMUP SENIOR HIGH SCHOOL,MANJIMUP,SECONDARY SCHOOLS
MANNING PRIMARY SCHOOL,MANNING,PRIMARY SCHOOLS
MARANGAROO PRIMARY SCHOOL,MARANGAROO,PRIMARY SCHOOLS
MARBLE BAR PRIMARY SCHOOL,MARBLE BAR,PRIMARY SCHOOLS
MARGARET RIVER INDEPENDENT SCHOOL,FOREST GROVE,NON-GOVERNMENT
MARGARET RIVER MONTESSORI SCHOOL,MARGARET RIVER,NON-GOVERNMENT
MARGARET RIVER PRIMARY SCHOOL,MARGARET RIVER,PRIMARY SCHOOLS
MARGARET RIVER SENIOR HIGH SCHOOL,MARGARET RIVER,SECONDARY SCHOOLS
MARMION PRIMARY SCHOOL,MARMION,PRIMARY SCHOOLS
MARRI GROVE PRIMARY SCHOOL,BYFORD,PRIMARY SCHOOLS
MARY MACKILLOP CATHOLIC COMMUNITY SCHOOL,BALLAJURA,NON-GOVERNMENT
MARY'S MOUNT PRIMARY SCHOOL,GOOSEBERRY HILL,NON-GOVERNMENT
MATER CHRISTI CATHOLIC PRIMARY SCHOOL,YANGEBUP,NON-GOVERNMENT
MATER DEI COLLEGE,EDGEWATER,NON-GOVERNMENT
MATTHEW GIBNEY CATHOLIC PRIMARY SCHOOL,HIGH WYCOMBE,NON-GOVERNMENT
MAYLANDS PENINSULA PRIMARY SCHOOL,MAYLANDS,PRIMARY SCHOOLS
MAZENOD COLLEGE,LESMURDIE,NON-GOVERNMENT
MCDOUGALL PARK COMMUNITY KINDERGARTEN INC,COMO,COMMUNITY KINDERGARTENS
MEADOW SPRINGS EDUCATION SUPPORT CENTRE,MEADOW SPRINGS,EDUCATION SUPPORT
MEADOW SPRINGS PRIMARY SCHOOL,MEADOW SPRINGS,PRIMARY SCHOOLS
MECKERING PRIMARY SCHOOL,MECKERING,PRIMARY SCHOOLS
MEDINA PRIMARY SCHOOL,MEDINA,PRIMARY SCHOOLS
MEEKATHARRA DISTRICT HIGH SCHOOL,MEEKATHARRA,DISTRICT HIGH SCHOOLS
MEEKATHARRA SCHOOL OF THE AIR,BLUFF POINT,PRIMARY SCHOOLS
MEL MARIA CATHOLIC PRIMARY SCHOOL,ATTADALE,NON-GOVERNMENT
MELVILLE PRIMARY SCHOOL,MELVILLE,PRIMARY SCHOOLS
MELVILLE SENIOR HIGH SCHOOL,MELVILLE,SECONDARY SCHOOLS
MENZIES COMMUNITY SCHOOL,MENZIES,PRIMARY SCHOOLS
MERCEDES COLLEGE,PERTH,NON-GOVERNMENT
MERCY COLLEGE,KOONDOOLA,NON-GOVERNMENT
MERREDIN COLLEGE,MERREDIN,K-12 SCHOOLS
MERRIWA EDUCATION SUPPORT CENTRE,MERRIWA,EDUCATION SUPPORT
MERRIWA PRIMARY SCHOOL,MERRIWA,PRIMARY SCHOOLS
METHODIST LADIES' COLLEGE,CLAREMONT,NON-GOVERNMENT
MIDDLE SWAN PRIMARY SCHOOL,STRATTON,PRIMARY SCHOOLS
MIDVALE PRIMARY SCHOOL,MIDVALE,PRIMARY SCHOOLS
MILING PRIMARY SCHOOL,MILING,PRIMARY SCHOOLS
MILLARS WELL PRIMARY SCHOOL,KARRATHA,PRIMARY SCHOOLS
MILLEN PRIMARY SCHOOL,EAST VICTORIA PARK,PRIMARY SCHOOLS
MINDARIE PRIMARY SCHOOL,MINDARIE,PRIMARY SCHOOLS
MINDARIE SENIOR COLLEGE,MINDARIE,SECONDARY SCHOOLS
MINGENEW PRIMARY SCHOOL,MINGENEW,PRIMARY SCHOOLS
MOERLINA SCHOOL,MOUNT CLAREMONT,NON-GOVERNMENT
MOORA PRIMARY SCHOOL,MOORA,PRIMARY SCHOOLS
MOORDITJ NOONGAR COMMUNITY COLLEGE,MIDLAND,PRIMARY SCHOOLS
MOORINE ROCK PRIMARY SCHOOL,MOORINE ROCK,PRIMARY SCHOOLS
MORAWA DISTRICT HIGH SCHOOL,MORAWA,DISTRICT HIGH SCHOOLS
MORLEY PRIMARY SCHOOL,MORLEY,PRIMARY SCHOOLS
MORLEY SENIOR HIGH SCHOOL,NORANDA,SECONDARY SCHOOLS
MOSMAN PARK PRIMARY SCHOOL,MOSMAN PARK,PRIMARY SCHOOLS
MOSMAN PARK SCHOOL FOR DEAF CHILDREN,MOSMAN PARK,EDUCATION SUPPORT
MOTHER TERESA CATHOLIC COLLEGE,BALDIVIS,NON-GOVERNMENT
MOUNT BARKER COMMUNITY COLLEGE,MOUNT BARKER,K-12 SCHOOLS
MOUNT CLAREMONT PRIMARY SCHOOL,MOUNT CLAREMONT,PRIMARY SCHOOLS
MOUNT HAWTHORN EDUCATION SUPPORT CENTRE,MOUNT HAWTHORN,EDUCATION SUPPORT
MOUNT HAWTHORN PRIMARY SCHOOL,MOUNT HAWTHORN,PRIMARY SCHOOLS
MOUNT HELENA COMMUNITY KINDERGARTEN,MOUNT HELENA,COMMUNITY KINDERGARTENS
MOUNT HELENA PRIMARY SCHOOL,MOUNT HELENA,PRIMARY SCHOOLS
MOUNT LAWLEY PRIMARY SCHOOL,MOUNT LAWLEY,PRIMARY SCHOOLS
MOUNT LAWLEY SENIOR HIGH SCHOOL,MOUNT LAWLEY,SECONDARY SCHOOLS
MOUNT LOCKYER PRIMARY SCHOOL,ALBANY,PRIMARY SCHOOLS
MOUNT MAGNET DISTRICT HIGH SCHOOL,MOUNT MAGNET,DISTRICT HIGH SCHOOLS
MOUNT MANYPEAKS PRIMARY SCHOOL,MANYPEAKS,PRIMARY SCHOOLS
MOUNT MARGARET REMOTE COMMUNITY SCHOOL,MOUNT MARGARET,PRIMARY SCHOOLS
MOUNT PLEASANT PRIMARY SCHOOL,MOUNT PLEASANT,PRIMARY SCHOOLS
MOUNT TARCOOLA PRIMARY SCHOOL,GERALDTON,PRIMARY SCHOOLS
MUKINBUDIN DISTRICT HIGH SCHOOL,MUKINBUDIN,DISTRICT HIGH SCHOOLS
MULLALOO BEACH PRIMARY SCHOOL,MULLALOO,PRIMARY SCHOOLS
MULLALOO COMMUNITY KINDERGARTEN,MULLALOO,COMMUNITY KINDERGARTENS
MULLALOO HEIGHTS PRIMARY SCHOOL,MULLALOO,PRIMARY SCHOOLS
MULLEWA DISTRICT HIGH SCHOOL,MULLEWA,DISTRICT HIGH SCHOOLS
MULUDJA REMOTE COMMUNITY SCHOOL,FITZROY CROSSING,PRIMARY SCHOOLS
MUNDARING CHRISTIAN COLLEGE,MUNDARING,NON-GOVERNMENT
MUNDARING PRIMARY SCHOOL,MUNDARING,PRIMARY SCHOOLS
MUNDIJONG PRIMARY SCHOOL,MUNDIJONG,PRIMARY SCHOOLS
MUNGLINUP PRIMARY SCHOOL,MUNGLINUP,PRIMARY SCHOOLS
NAGLE CATHOLIC COLLEGE,GERALDTON,NON-GOVERNMENT
NANNUP DISTRICT HIGH SCHOOL,NANNUP,DISTRICT HIGH SCHOOLS
NAREMBEEN DISTRICT HIGH SCHOOL,NAREMBEEN,DISTRICT HIGH SCHOOLS
NARROGIN PRIMARY SCHOOL,NARROGIN,PRIMARY SCHOOLS
NARROGIN SENIOR HIGH SCHOOL,NARROGIN,SECONDARY SCHOOLS
NEDLANDS PRIMARY SCHOOL,NEDLANDS,PRIMARY SCHOOLS
NEERIGEN BROOK PRIMARY SCHOOL,ARMADALE,PRIMARY SCHOOLS
NEWBOROUGH PRIMARY SCHOOL,KARRINYUP,PRIMARY SCHOOLS
NEWDEGATE PRIMARY SCHOOL,NEWDEGATE,PRIMARY SCHOOLS
NEWMAN COLLEGE,CHURCHLANDS,NON-GOVERNMENT
NEWMAN PRIMARY SCHOOL,NEWMAN,PRIMARY SCHOOLS
NEWMAN SENIOR HIGH SCHOOL,NEWMAN,SECONDARY SCHOOLS
NEWTON MOORE EDUCATION SUPPORT CENTRE,BUNBURY,EDUCATION SUPPORT
NEWTON MOORE SENIOR HIGH SCHOOL,SOUTH BUNBURY,SECONDARY SCHOOLS
NEWTON PRIMARY SCHOOL,SPEARWOOD,PRIMARY SCHOOLS
NGAANYATJARRA LANDS SCHOOL,WARAKURNA,PRIMARY SCHOOLS
NGALANGANGPUM SCHOOL,KUNUNURRA,NON-GOVERNMENT
NGALAPITA REMOTE COMMUNITY SCHOOL,FITZROY CROSSING,PRIMARY SCHOOLS
NOLLAMARA PRIMARY SCHOOL,NOLLAMARA,PRIMARY SCHOOLS
NORANDA PRIMARY SCHOOL,NORANDA,PRIMARY SCHOOLS
NORSEMAN DISTRICT HIGH SCHOOL,NORSEMAN,DISTRICT HIGH SCHOOLS
NORTH ALBANY SENIOR HIGH SCHOOL,ALBANY,SECONDARY SCHOOLS
NORTH BALGA PRIMARY SCHOOL,BALGA,PRIMARY SCHOOLS
NORTH BEACH PRIMARY SCHOOL,NORTH BEACH,PRIMARY SCHOOLS
NORTH COTTESLOE PRIMARY SCHOOL,COTTESLOE,PRIMARY SCHOOLS
NORTH DANDALUP PRIMARY SCHOOL,NORTH DANDALUP,PRIMARY SCHOOLS
NORTH EAST METROPOLITAN LANGUAGE DEVELOPMENT CENTRE,DIANELLA,EDUCATION SUPPORT
NORTH FREMANTLE PRIMARY SCHOOL,NORTH FREMANTLE,PRIMARY SCHOOLS
NORTH KALGOORLIE PRIMARY SCHOOL,KALGOORLIE,PRIMARY SCHOOLS
NORTH LAKE SENIOR CAMPUS,KARDINYA,SECONDARY SCHOOLS
NORTH MANDURAH PRIMARY SCHOOL,MANDURAH,PRIMARY SCHOOLS
NORTH MORLEY PRIMARY SCHOOL,DIANELLA,PRIMARY SCHOOLS
NORTH PARMELIA PRIMARY SCHOOL,PARMELIA,PRIMARY SCHOOLS
NORTH PERTH PRIMARY SCHOOL,NORTH PERTH,PRIMARY SCHOOLS
NORTH TOM PRICE PRIMARY SCHOOL,TOM PRICE,PRIMARY SCHOOLS
NORTH WOODVALE PRIMARY SCHOOL,WOODVALE,PRIMARY SCHOOLS
NORTHAM PRIMARY SCHOOL,NORTHAM,PRIMARY SCHOOLS
NORTHAM SENIOR HIGH SCHOOL,NORTHAM,SECONDARY SCHOOLS
NORTHAMPTON DISTRICT HIGH SCHOOL,NORTHAMPTON,DISTRICT HIGH SCHOOLS
NORTHCLIFFE DISTRICT HIGH SCHOOL,NORTHCLIFFE,DISTRICT HIGH SCHOOLS
NORTHSHORE CHRISTIAN GRAMMAR SCHOOL,ALKIMOS,NON-GOVERNMENT
NOTRE DAME CATHOLIC PRIMARY SCHOOL,CLOVERDALE,NON-GOVERNMENT
NULLAGINE PRIMARY SCHOOL,NULLAGINE,PRIMARY SCHOOLS
NULSEN PRIMARY SCHOOL,ESPERANCE,PRIMARY SCHOOLS
NUNGARIN PRIMARY SCHOOL,NUNGARIN,PRIMARY SCHOOLS
NYABING PRIMARY SCHOOL,NYABING,PRIMARY SCHOOLS
NYIKINA MANGALA COMMUNITY SCHOOL,MT ANDERSON STN (GT NTH HWY),NON-GOVERNMENT
O'CONNOR EDUCATION SUPPORT CENTRE,BOULDER,EDUCATION SUPPORT
O'CONNOR PRIMARY SCHOOL,KALGOORLIE,PRIMARY SCHOOLS
OAKWOOD PRIMARY SCHOOL,MEADOW SPRINGS,PRIMARY SCHOOLS
OBERTHUR PRIMARY SCHOOL,BULL CREEK,PRIMARY SCHOOLS
OCEAN REEF PRIMARY SCHOOL,OCEAN REEF,PRIMARY SCHOOLS
OCEAN REEF SENIOR HIGH SCHOOL,OCEAN REEF,SECONDARY SCHOOLS
OCEAN ROAD PRIMARY SCHOOL,DAWESVILLE,PRIMARY SCHOOLS
ONE ARM POINT REMOTE COMMUNITY SCHOOL,BROOME,PRIMARY SCHOOLS
ONGERUP PRIMARY SCHOOL,ONGERUP,PRIMARY SCHOOLS
ONSLOW PRIMARY SCHOOL,ONSLOW,PRIMARY SCHOOLS
ORANA CATHOLIC SCHOOL,WILLETTON,NON-GOVERNMENT
ORANGE GROVE PRIMARY SCHOOL,ORANGE GROVE,PRIMARY SCHOOLS
ORELIA PRIMARY SCHOOL,ORELIA,PRIMARY SCHOOLS
OSBORNE PRIMARY SCHOOL,OSBORNE PARK,PRIMARY SCHOOLS
OUR LADY OF FATIMA SCHOOL,PALMYRA,NON-GOVERNMENT
OUR LADY OF GOOD COUNSEL SCHOOL,KARRINYUP,NON-GOVERNMENT
OUR LADY OF GRACE SCHOOL,NORTH BEACH,NON-GOVERNMENT
OUR LADY OF LOURDES SCHOOL,DARDANUP,NON-GOVERNMENT
OUR LADY OF LOURDES SCHOOL,NOLLAMARA,NON-GOVERNMENT
OUR LADY OF MERCY PRIMARY SCHOOL,GIRRAWHEEN,NON-GOVERNMENT
OUR LADY OF MOUNT CARMEL SCHOOL,HILTON,NON-GOVERNMENT
OUR LADY OF MOUNT CARMEL SCHOOL,MULLEWA,NON-GOVERNMENT
OUR LADY OF THE CAPE PRIMARY SCHOOL,DUNSBOROUGH,NON-GOVERNMENT
OUR LADY STAR OF THE SEA CATHOLIC PRIMARY SCHOOL,ESPERANCE,NON-GOVERNMENT
OUR LADY'S ASSUMPTION SCHOOL,DIANELLA,NON-GOVERNMENT
PADBURY CATHOLIC PRIMARY SCHOOL,PADBURY,NON-GOVERNMENT
PADBURY COMMUNITY KINDERGARTEN,PADBURY,COMMUNITY KINDERGARTENS
PADBURY PRIMARY SCHOOL,PADBURY,PRIMARY SCHOOLS
PALMYRA PRIMARY SCHOOL,PALMYRA,PRIMARY SCHOOLS
PANNAWONICA PRIMARY SCHOOL,PANNAWONICA,PRIMARY SCHOOLS
PARABURDOO PRIMARY SCHOOL,PARABURDOO,PRIMARY SCHOOLS
PARKERVILLE PRIMARY SCHOOL,PARKERVILLE,PRIMARY SCHOOLS
PARKFIELD PRIMARY SCHOOL,AUSTRALIND,PRIMARY SCHOOLS
PARKLANDS SCHOOL,ALBANY,NON-GOVERNMENT
PARKWOOD PRIMARY SCHOOL,PARKWOOD,PRIMARY SCHOOLS
PARNNGURR COMMUNITY SCHOOL,VIA NEWMAN,NON-GOVERNMENT
PEARSALL PRIMARY SCHOOL,PEARSALL,PRIMARY SCHOOLS
PEEL LANGUAGE DEVELOPMENT SCHOOL,PORT KENNEDY,EDUCATION SUPPORT
PEGS CREEK PRIMARY SCHOOL,KARRATHA,PRIMARY SCHOOLS
PEMBERTON DISTRICT HIGH SCHOOL,PEMBERTON,DISTRICT HIGH SCHOOLS
PENRHOS COLLEGE,COMO,NON-GOVERNMENT
PERENJORI PRIMARY SCHOOL,PERENJORI,PRIMARY SCHOOLS
PERTH COLLEGE,MOUNT LAWLEY,NON-GOVERNMENT
PERTH INDIVIDUAL,BURSWOOD,NON-GOVERNMENT
PERTH MODERN SCHOOL,SUBIACO,SECONDARY SCHOOLS
PERTH WALDORF SCHOOL,BIBRA LAKE,NON-GOVERNMENT
PETER CARNLEY ANGLICAN COMMUNITY SCHOOL,WELLARD,NON-GOVERNMENT
PETER MOYES ANGLICAN COMMUNITY SCHOOL,MINDARIE,NON-GOVERNMENT
PHOENIX PRIMARY SCHOOL,HAMILTON HILL,PRIMARY SCHOOLS
PIA WADJARRI REMOTE COMMUNITY SCHOOL,MURCHISON,PRIMARY SCHOOLS
PIARA WATERS PRIMARY SCHOOL,PIARA WATERS,PRIMARY SCHOOLS
PICKERING BROOK PRIMARY SCHOOL,PICKERING BROOK,PRIMARY SCHOOLS
PICTON PRIMARY SCHOOL,GLEN IRIS,PRIMARY SCHOOLS
PINEVIEW COMMUNITY KINDERGARTEN,COOLBELLUP,COMMUNITY KINDERGARTENS
PINGELLY PRIMARY SCHOOL,PINGELLY,PRIMARY SCHOOLS
PINGRUP PRIMARY SCHOOL,PINGRUP,PRIMARY SCHOOLS
PINJARRA PRIMARY SCHOOL,PINJARRA,PRIMARY SCHOOLS
PINJARRA SENIOR HIGH SCHOOL,PINJARRA,SECONDARY SCHOOLS
PIONEER VILLAGE SCHOOL,ARMADALE,NON-GOVERNMENT
PORT HEDLAND PRIMARY SCHOOL,PORT HEDLAND,PRIMARY SCHOOLS
PORT HEDLAND SCHOOL OF THE AIR,PORT HEDLAND,PRIMARY SCHOOLS
PORT KENNEDY PRIMARY SCHOOL,PORT KENNEDY,PRIMARY SCHOOLS
PORT SCHOOL,HAMILTON HILL,NON-GOVERNMENT
POSEIDON PRIMARY SCHOOL,HEATHRIDGE,PRIMARY SCHOOLS
POYNTER PRIMARY SCHOOL,DUNCRAIG,PRIMARY SCHOOLS
PRENDIVILLE CATHOLIC COLLEGE,OCEAN REEF,NON-GOVERNMENT
PRESBYTERIAN LADIES COLLEGE,PEPPERMINT GROVE,NON-GOVERNMENT
PURNULULU ABORIGINAL INDEPENDENT COMMUNITY SCHOOL,VIA KUNUNURRA,NON-GOVERNMENT
QUAIRADING DISTRICT HIGH SCHOOL,QUAIRADING,DISTRICT HIGH SCHOOLS
QUEEN OF APOSTLES SCHOOL,RIVERTON,NON-GOVERNMENT
QUEENS PARK PRIMARY SCHOOL,QUEENS PARK,PRIMARY SCHOOLS
QUINNS BAPTIST COLLEGE,MINDARIE,NON-GOVERNMENT
QUINNS BEACH PRIMARY SCHOOL,QUINNS ROCKS,PRIMARY SCHOOLS
QUINNS ROCKS PRIMARY SCHOOL,QUINNS ROCKS,PRIMARY SCHOOLS
QUINTILIAN SCHOOL,MOUNT CLAREMONT,NON-GOVERNMENT
RANFORD PRIMARY SCHOOL,CANNING VALE,PRIMARY SCHOOLS
RANGEWAY PRIMARY SCHOOL,RANGEWAY,PRIMARY SCHOOLS
RAPIDS LANDING PRIMARY SCHOOL,MARGARET RIVER,PRIMARY SCHOOLS
RAVENSTHORPE DISTRICT HIGH SCHOOL,RAVENSTHORPE,DISTRICT HIGH SCHOOLS
RAWA COMMUNITY SCHOOL ABORIGINAL CORPORATION,GREAT SANDY DESERT,NON-GOVERNMENT
RAWLINSON PRIMARY SCHOOL,MARANGAROO,PRIMARY SCHOOLS
REDCLIFFE PRIMARY SCHOOL,REDCLIFFE,PRIMARY SCHOOLS
REGENT COLLEGE,VICTORIA PARK,NON-GOVERNMENT
REHOBOTH CHRISTIAN COLLEGE,KENWICK,NON-GOVERNMENT
RICHMOND PRIMARY SCHOOL,EAST FREMANTLE,PRIMARY SCHOOLS
RIVER VALLEY PRIMARY SCHOOL,BUREKUP,PRIMARY SCHOOLS
RIVERGUMS PRIMARY SCHOOL,BALDIVIS,PRIMARY SCHOOLS
RIVERLANDS MONTESSORI SCHOOL,DAYTON,NON-GOVERNMENT
RIVERSIDE EDUCATION SUPPORT CENTRE,GREENFIELDS,EDUCATION SUPPORT
RIVERSIDE PRIMARY SCHOOL,GREENFIELDS,PRIMARY SCHOOLS
RIVERTON EDUCATION SUPPORT CENTRE,RIVERTON,EDUCATION SUPPORT
RIVERTON PRIMARY SCHOOL,RIVERTON,PRIMARY SCHOOLS
RIVERVALE PRIMARY SCHOOL,RIVERVALE,PRIMARY SCHOOLS
ROCKINGHAM BEACH EDUCATION SUPPORT CENTRE,ROCKINGHAM,EDUCATION SUPPORT
ROCKINGHAM BEACH PRIMARY SCHOOL,ROCKINGHAM,PRIMARY SCHOOLS
ROCKINGHAM JOHN CALVIN SCHOOL,BALDIVIS,NON-GOVERNMENT
ROCKINGHAM LAKES PRIMARY SCHOOL,PORT KENNEDY,PRIMARY SCHOOLS
ROCKINGHAM MONTESSORI SCHOOL,ROCKINGHAM,NON-GOVERNMENT
ROCKINGHAM SENIOR HIGH SCHOOL,ROCKINGHAM,SECONDARY SCHOOLS
ROCKINGHAM SENIOR HIGH SCHOOL EDUCATION SUPPORT CENTRE,ROCKINGHAM,EDUCATION SUPPORT
ROEBOURNE DISTRICT HIGH SCHOOL,ROEBOURNE,DISTRICT HIGH SCHOOLS
ROEBUCK PRIMARY SCHOOL,BROOME,PRIMARY SCHOOLS
ROLEYSTONE COMMUNITY COLLEGE,ROLEYSTONE,DISTRICT HIGH SCHOOLS
ROSALIE PRIMARY SCHOOL,SHENTON PARK,PRIMARY SCHOOLS
ROSEWORTH EDUCATION SUPPORT CENTRE,GIRRAWHEEN,EDUCATION SUPPORT
ROSEWORTH PRIMARY SCHOOL,GIRRAWHEEN,PRIMARY SCHOOLS
ROSSMOYNE PRIMARY SCHOOL,ROSSMOYNE,PRIMARY SCHOOLS
ROSSMOYNE SENIOR HIGH SCHOOL,ROSSMOYNE,SECONDARY SCHOOLS
ROSSMOYNE-RIVERTON COMMUNITY KINDERGARTEN,ROSSMOYNE,COMMUNITY KINDERGARTENS
ROSTRATA PRIMARY SCHOOL,WILLETTON,PRIMARY SCHOOLS
SACRED HEART CATHOLIC SCHOOL,GOOMALLING,NON-GOVERNMENT
SACRED HEART COLLEGE,SORRENTO,NON-GOVERNMENT
SACRED HEART PRIMARY SCHOOL,THORNLIE,NON-GOVERNMENT
SACRED HEART PRIMARY SCHOOL,HIGHGATE,NON-GOVERNMENT
SACRED HEART SCHOOL,VIA BROOME,NON-GOVERNMENT
SACRED HEART SCHOOL,MUNDARING,NON-GOVERNMENT
SAFETY BAY PRIMARY SCHOOL,SAFETY BAY,PRIMARY SCHOOLS
SAFETY BAY SENIOR HIGH SCHOOL,SAFETY BAY,SECONDARY SCHOOLS
SAINT EMILIE'S CATHOLIC PRIMARY SCHOOL,CANNING VALE,NON-GOVERNMENT
SAINT MARY'S PRIMARY SCHOOL,KALGOORLIE,NON-GOVERNMENT
SALMON GUMS PRIMARY SCHOOL,SALMON GUMS,PRIMARY SCHOOLS
SALVADO CATHOLIC COLLEGE,BYFORD,NON-GOVERNMENT
SAMSON PRIMARY SCHOOL,SAMSON,PRIMARY SCHOOLS
SANTA CLARA SCHOOL,ST JAMES,NON-GOVERNMENT
SANTA MARIA COLLEGE,ATTADALE,NON-GOVERNMENT
SAWYERS VALLEY PRIMARY SCHOOL,SAWYERS VALLEY,PRIMARY SCHOOLS
SCADDAN PRIMARY SCHOOL,SCADDAN,PRIMARY SCHOOLS
SCARBOROUGH PRIMARY SCHOOL,SCARBOROUGH,PRIMARY SCHOOLS
SCHOOL OF ISOLATED AND DISTANCE EDUCATION,LEEDERVILLE,K-12 SCHOOLS
SCHOOL OF SPECIAL EDUCATION NEEDS: SENSORY,PADBURY,SPECIALIST SERVICES
SCHOOL OF SPECIAL EDUCATIONAL NEEDS: BEHAVIOUR AND ENGAGEMENT,PADBURY,SPECIALIST SERVICES
SCOTCH COLLEGE,SWANBOURNE,NON-GOVERNMENT
SEAFORTH PRIMARY SCHOOL,GOSNELLS,PRIMARY SCHOOLS
SEAVIEW COMMUNITY KINDERGARTEN,COTTESLOE,COMMUNITY KINDERGARTENS
SECRET HARBOUR PRIMARY SCHOOL,SECRET HARBOUR,PRIMARY SCHOOLS
SERPENTINE PRIMARY SCHOOL,SERPENTINE,PRIMARY SCHOOLS
SERPENTINE-JARRAHDALE GRAMMAR SCHOOL,MUNDIJONG,NON-GOVERNMENT
SERVITE COLLEGE,TUART HILL,NON-GOVERNMENT
SETON CATHOLIC COLLEGE,SAMSON,NON-GOVERNMENT
SETTLERS PRIMARY SCHOOL,BALDIVIS,PRIMARY SCHOOLS
SEVENOAKS SENIOR COLLEGE,CANNINGTON,SECONDARY SCHOOLS
SHARK BAY SCHOOL,DENHAM,PRIMARY SCHOOLS
SHELLEY PRIMARY SCHOOL,SHELLEY,PRIMARY SCHOOLS
SHENTON COLLEGE,SHENTON PARK,SECONDARY SCHOOLS
SHENTON COLLEGE DEAF EDUCATION CENTRE,SHENTON PARK,EDUCATION SUPPORT
SINGLETON PRIMARY SCHOOL,SINGLETON,PRIMARY SCHOOLS
SIR DAVID BRAND SCHOOL,COOLBINIA,EDUCATION SUPPORT
SOMERLY PRIMARY SCHOOL,CLARKSON,PRIMARY SCHOOLS
SORRENTO PRIMARY SCHOOL,SORRENTO,PRIMARY SCHOOLS
SOUTH BALLAJURA EDUCATION SUPPORT CENTRE,BALLAJURA,EDUCATION SUPPORT
SOUTH BALLAJURA PRIMARY SCHOOL,BALLAJURA,PRIMARY SCHOOLS
SOUTH BUNBURY EDUCATION SUPPORT CENTRE,SOUTH BUNBURY,EDUCATION SUPPORT
SOUTH BUNBURY PRIMARY SCHOOL,SOUTH BUNBURY,PRIMARY SCHOOLS
SOUTH COAST BAPTIST COLLEGE,WAIKIKI,NON-GOVERNMENT
SOUTH COOGEE PRIMARY SCHOOL,BEELIAR,PRIMARY SCHOOLS
SOUTH EAST METROPOLITAN LANGUAGE DEVELOPMENT CENTRE,CLOVERDALE,EDUCATION SUPPORT
SOUTH HALLS HEAD PRIMARY SCHOOL,HALLS HEAD,PRIMARY SCHOOLS
SOUTH HEDLAND PRIMARY SCHOOL,SOUTH HEDLAND,PRIMARY SCHOOLS
SOUTH KALGOORLIE PRIMARY SCHOOL,KALGOORLIE,PRIMARY SCHOOLS
SOUTH LAKE PRIMARY SCHOOL,SOUTH LAKE,PRIMARY SCHOOLS
SOUTH METROPOLITAN YOUTH LINK COMMUNITY COLLEGE,ROCKINGHAM,NON-GOVERNMENT
SOUTH NEWMAN PRIMARY SCHOOL,NEWMAN,PRIMARY SCHOOLS
SOUTH PADBURY PRIMARY SCHOOL,PADBURY,PRIMARY SCHOOLS
SOUTH PERTH PRIMARY SCHOOL,SOUTH PERTH,PRIMARY SCHOOLS
SOUTH STIRLING PRIMARY SCHOOL,SOUTH STIRLING,PRIMARY SCHOOLS
SOUTH THORNLIE PRIMARY SCHOOL,THORNLIE,PRIMARY SCHOOLS
SOUTHERN CROSS DISTRICT HIGH SCHOOL,SOUTHERN CROSS,DISTRICT HIGH SCHOOLS
SOUTHERN GROVE PRIMARY SCHOOL,SOUTHERN RIVER,PRIMARY SCHOOLS
SOUTHERN HILLS CHRISTIAN COLLEGE,BEDFORDALE,NON-GOVERNMENT
SOUTHERN RIVER COLLEGE,GOSNELLS,SECONDARY SCHOOLS
SOUTHWELL PRIMARY SCHOOL,HAMILTON HILL,PRIMARY SCHOOLS
SOUTHWEST JOHN CALVIN CHRISTIAN COLLEGE,CAPEL,NON-GOVERNMENT
SOWILO COMMUNITY HIGH SCHOOL,KELMSCOTT,NON-GOVERNMENT
SPEARWOOD ALTERNATIVE SCHOOL,SPEARWOOD,PRIMARY SCHOOLS
SPEARWOOD PRIMARY SCHOOL,SPEARWOOD,PRIMARY SCHOOLS
SPENCER PARK EDUCATION SUPPORT CENTRE,ALBANY,EDUCATION SUPPORT
SPENCER PARK PRIMARY SCHOOL,SPENCER PARK,PRIMARY SCHOOLS
SPIRIT OF PLAY COMMUNITY SCHOOL,DENMARK,NON-GOVERNMENT
SPRING HILL PRIMARY SCHOOL,TAPPING,PRIMARY SCHOOLS
SPRING ROAD COMMUNITY KINDERGARTEN (INC),KALAMUNDA,COMMUNITY KINDERGARTENS
SPRINGFIELD PRIMARY SCHOOL,KALLAROO,PRIMARY SCHOOLS
ST ANDREW'S CATHOLIC PRIMARY SCHOOL,CLARKSON,NON-GOVERNMENT
ST ANDREW'S GRAMMAR,DIANELLA,NON-GOVERNMENT
ST ANNE'S SCHOOL,HARVEY,NON-GOVERNMENT
ST ANTHONY'S SCHOOL,GREENMOUNT,NON-GOVERNMENT
ST ANTHONY'S SCHOOL,WANNEROO,NON-GOVERNMENT
ST AUGUSTINE'S SCHOOL,RIVERVALE,NON-GOVERNMENT
ST BENEDICTS SCHOOL,APPLECROSS,NON-GOVERNMENT
ST BERNADETTE'S CATHOLIC PRIMARY SCHOOL,PORT KENNEDY,NON-GOVERNMENT
ST BERNARD'S SCHOOL,KOJONUP,NON-GOVERNMENT
ST BRIGID'S COLLEGE,LESMURDIE,NON-GOVERNMENT
ST BRIGID'S PRIMARY SCHOOL,MIDDLE SWAN,NON-GOVERNMENT
ST BRIGID'S SCHOOL,COLLIE,NON-GOVERNMENT
ST BRIGID'S SCHOOL,BRIDGETOWN,NON-GOVERNMENT
ST CECILIA'S CATHOLIC PRIMARY SCHOOL,PORT HEDLAND,NON-GOVERNMENT
ST CLARE'S SCHOOL,LATHLAIN,NON-GOVERNMENT
ST COLUMBA'S PRIMARY SCHOOL,BAYSWATER,NON-GOVERNMENT
ST COLUMBA'S SCHOOL,SOUTH PERTH,NON-GOVERNMENT
ST DAMIEN'S CATHOLIC PRIMARY SCHOOL,DAWESVILLE,NON-GOVERNMENT
ST DENIS SCHOOL,JOONDANNA,NON-GOVERNMENT
ST DOMINIC'S SCHOOL,INNALOO,NON-GOVERNMENT
ST ELIZABETH'S CATHOLIC PRIMARY SCHOOL,HOCKING,NON-GOVERNMENT
ST FRANCIS XAVIER PRIMARY SCHOOL,GERALDTON,NON-GOVERNMENT
ST FRANCIS' SCHOOL,MADDINGTON,NON-GOVERNMENT
ST GEORGE'S ANGLICAN GRAMMAR SCHOOL,PERTH,NON-GOVERNMENT
ST GERARDS PRIMARY SCHOOL,WESTMINSTER,NON-GOVERNMENT
ST HELENA'S CATHOLIC PRIMARY SCHOOL,ELLENBROOK,NON-GOVERNMENT
ST HILDA'S ANGLICAN SCHOOL FOR GIRLS,MOSMAN PARK,NON-GOVERNMENT
ST JAMES' ANGLICAN SCHOOL,ALKIMOS,NON-GOVERNMENT
ST JEROME'S SCHOOL,MUNSTER,NON-GOVERNMENT
ST JOHN BOSCO COLLEGE,PIARA WATERS,NON-GOVERNMENT
ST JOHN PAUL II CATHOLIC PRIMARY SCHOOL,BANKSIA GROVE,NON-GOVERNMENT
ST JOHN'S SCHOOL,SCARBOROUGH,NON-GOVERNMENT
ST JOHN'S SCHOOL,RANGEWAY,NON-GOVERNMENT
ST JOSEPH'S CATHOLIC PRIMARY SCHOOL,BUNBURY,NON-GOVERNMENT
ST JOSEPH'S COLLEGE,ALBANY,NON-GOVERNMENT
ST JOSEPH'S SCHOOL,SOUTHERN CROSS,NON-GOVERNMENT
ST JOSEPH'S SCHOOL,PINJARRA,NON-GOVERNMENT
ST JOSEPH'S SCHOOL,KUNUNURRA,NON-GOVERNMENT
ST JOSEPH'S SCHOOL,NORTHAM,NON-GOVERNMENT
ST JOSEPH'S SCHOOL,WAROONA,NON-GOVERNMENT
ST JOSEPH'S SCHOOL,BOULDER,NON-GOVERNMENT
ST JOSEPH'S SCHOOL,WYNDHAM,NON-GOVERNMENT
ST JOSEPH'S SCHOOL,QUEENS PARK,NON-GOVERNMENT
ST JOSEPH'S SCHOOL,MOORA,NON-GOVERNMENT
ST JOSEPH'S SCHOOL,PEMBERTON,NON-GOVERNMENT
ST JUDE'S CATHOLIC SCHOOL,LANGFORD,NON-GOVERNMENT
ST KIERAN CATHOLIC PRIMARY SCHOOL,TUART HILL,NON-GOVERNMENT
ST LAWRENCE PRIMARY SCHOOL,BALCATTA,NON-GOVERNMENT
ST LAWRENCE'S SCHOOL,GERALDTON,NON-GOVERNMENT
ST LUKE'S CATHOLIC PRIMARY SCHOOL,WOODVALE,NON-GOVERNMENT
ST LUKE'S COLLEGE,KARRATHA,NON-GOVERNMENT
ST MARIA GORETTIS CATHOLIC SCHOOL,REDCLIFFE,NON-GOVERNMENT
ST MARK'S ANGLICAN COMMUNITY SCHOOL,HILLARYS,NON-GOVERNMENT
ST MARY MACKILLOP COLLEGE,BUSSELTON,NON-GOVERNMENT
ST MARY'S ANGLICAN GIRLS' SCHOOL,KARRINYUP,NON-GOVERNMENT
ST MARY'S CATHOLIC PRIMARY SCHOOL,BUNBURY,NON-GOVERNMENT
ST MARY'S COLLEGE,BROOME,NON-GOVERNMENT
ST MARY'S SCHOOL,BOYUP BROOK,NON-GOVERNMENT
ST MARY'S SCHOOL,MERREDIN,NON-GOVERNMENT
ST MARY'S SCHOOL,DONNYBROOK,NON-GOVERNMENT
ST MARY'S SCHOOL,NORTHAMPTON,NON-GOVERNMENT
ST MARY'S STAR OF THE SEA CATHOLIC SCHOOL,CARNARVON,NON-GOVERNMENT
ST MATTHEW'S SCHOOL,NARROGIN,NON-GOVERNMENT
ST MICHAEL'S CATHOLIC PRIMARY SCHOOL,BRUNSWICK JUNCTION,NON-GOVERNMENT
ST MICHAEL'S SCHOOL,BASSENDEAN,NON-GOVERNMENT
ST MUNCHIN'S SCHOOL,GOSNELLS,NON-GOVERNMENT
ST NORBERT COLLEGE,QUEENS PARK,NON-GOVERNMENT
ST PATRICK'S PARISH SCHOOL,FREMANTLE,NON-GOVERNMENT
ST PATRICK'S SCHOOL - KATANNING,KATANNING,NON-GOVERNMENT
ST PAUL'S PRIMARY SCHOOL,KARRATHA,NON-GOVERNMENT
ST PAUL'S PRIMARY SCHOOL,MOUNT LAWLEY,NON-GOVERNMENT
ST PETER'S PRIMARY SCHOOL,INGLEWOOD,NON-GOVERNMENT
ST PIUS X SCHOOL,MANNING,NON-GOVERNMENT
ST SIMON PETER CATHOLIC PRIMARY SCHOOL,OCEAN REEF,NON-GOVERNMENT
ST STEPHEN'S SCHOOL,DUNCRAIG,NON-GOVERNMENT
ST THOMAS MORE CATHOLIC PRIMARY SCHOOL,MARGARET RIVER,NON-GOVERNMENT
ST THOMAS' PRIMARY SCHOOL,CLAREMONT,NON-GOVERNMENT
ST VINCENT'S SCHOOL,PARMELIA,NON-GOVERNMENT
STAR OF THE SEA PRIMARY SCHOOL,ROCKINGHAM,NON-GOVERNMENT
STRATHALBYN CHRISTIAN COLLEGE,STRATHALBYN,NON-GOVERNMENT
STRELLEY COMMUNITY SCHOOL,VIA PORT HEDLAND,NON-GOVERNMENT
SUBIACO PRIMARY SCHOOL,SUBIACO,PRIMARY SCHOOLS
SUCCESS PRIMARY SCHOOL,SUCCESS,PRIMARY SCHOOLS
SUTHERLAND DIANELLA PRIMARY SCHOOL,DIANELLA,PRIMARY SCHOOLS
SWAN CHRISTIAN COLLEGE,MIDDLE SWAN,NON-GOVERNMENT
SWAN VALLEY ANGLICAN COMMUNITY SCHOOL,AVELEY,NON-GOVERNMENT
SWAN VIEW PRIMARY SCHOOL,SWAN VIEW,PRIMARY SCHOOLS
SWAN VIEW SENIOR HIGH SCHOOL,SWAN VIEW,SECONDARY SCHOOLS
SWANBOURNE PRIMARY SCHOOL,SWANBOURNE,PRIMARY SCHOOLS
TAKARI PRIMARY SCHOOL,BALCATTA,PRIMARY SCHOOLS
TAMBELLUP PRIMARY SCHOOL,TAMBELLUP,PRIMARY SCHOOLS
TAMBREY PRIMARY SCHOOL,KARRATHA,PRIMARY SCHOOLS
TAMMIN PRIMARY SCHOOL,TAMMIN,PRIMARY SCHOOLS
TAPPING PRIMARY SCHOOL,TAPPING,PRIMARY SCHOOLS
TELETHON SPEECH & HEARING,WEMBLEY,NON-GOVERNMENT
THE BEEHIVE MONTESSORI SCHOOL INC,MOSMAN PARK,NON-GOVERNMENT
THE JAPANESE SCHOOL IN PERTH,CITY BEACH,NON-GOVERNMENT
THE KING'S COLLEGE,WELLARD,NON-GOVERNMENT
THE MONTESSORI SCHOOL,KINGSLEY,NON-GOVERNMENT
THE SILVER TREE STEINER SCHOOL,PARKERVILLE,NON-GOVERNMENT
THORNLIE CHRISTIAN COLLEGE,SOUTHERN RIVER,NON-GOVERNMENT
THORNLIE PRIMARY SCHOOL,THORNLIE,PRIMARY SCHOOLS
THORNLIE SENIOR HIGH SCHOOL,THORNLIE,SECONDARY SCHOOLS
THREE SPRINGS PRIMARY SCHOOL,THREE SPRINGS,PRIMARY SCHOOLS
TJUNTJUNTJARA REMOTE COMMUNITY SCHOOL,GREAT VICTORIA DESERT,PRIMARY SCHOOLS
TOM PRICE PRIMARY SCHOOL,TOM PRICE,PRIMARY SCHOOLS
TOM PRICE SENIOR HIGH SCHOOL,TOM PRICE,SECONDARY SCHOOLS
TOODYAY DISTRICT HIGH SCHOOL,TOODYAY,DISTRICT HIGH SCHOOLS
TRANBY COLLEGE,BALDIVIS,NON-GOVERNMENT
TRAYNING PRIMARY SCHOOL,TRAYNING,PRIMARY SCHOOLS
TREENDALE PRIMARY SCHOOL,AUSTRALIND,PRIMARY SCHOOLS
TREETOPS MONTESSORI SCHOOL,DARLINGTON,NON-GOVERNMENT
TRINITY COLLEGE,EAST PERTH,NON-GOVERNMENT
TUART COLLEGE,TUART HILL,SECONDARY SCHOOLS
TUART FOREST PRIMARY SCHOOL,DALYELLUP,PRIMARY SCHOOLS
TUART HILL COMMUNITY KINDERGARTEN,TUART HILL,COMMUNITY KINDERGARTENS
TUART HILL PRIMARY SCHOOL,TUART HILL,PRIMARY SCHOOLS
TUART RISE PRIMARY SCHOOL,BALDIVIS,PRIMARY SCHOOLS
TWO ROCKS PRIMARY SCHOOL,TWO ROCKS,PRIMARY SCHOOLS
UPPER SWAN PRIMARY SCHOOL,UPPER SWAN,PRIMARY SCHOOLS
URSULA FRAYNE CATHOLIC COLLEGE,VICTORIA PARK,NON-GOVERNMENT
USELESS LOOP PRIMARY SCHOOL,USELESS LOOP,PRIMARY SCHOOLS
VASSE PRIMARY SCHOOL,VASSE,PRIMARY SCHOOLS
VICTORIA PARK CHRISTIAN SCHOOL,VICTORIA PARK,NON-GOVERNMENT
VICTORIA PARK PRIMARY SCHOOL,VICTORIA PARK,PRIMARY SCHOOLS
WADDINGTON PRIMARY SCHOOL,KOONDOOLA,PRIMARY SCHOOLS
WAGGRAKINE PRIMARY SCHOOL,WAGGRAKINE,PRIMARY SCHOOLS
WAGIN DISTRICT HIGH SCHOOL,WAGIN,DISTRICT HIGH SCHOOLS
WAIKIKI PRIMARY SCHOOL,WAIKIKI,PRIMARY SCHOOLS
WALKAWAY PRIMARY SCHOOL,WALKAWAY,PRIMARY SCHOOLS
WALLISTON PRIMARY SCHOOL,WALLISTON,PRIMARY SCHOOLS
WALPOLE PRIMARY SCHOOL,WALPOLE,PRIMARY SCHOOLS
WANALIRRI CATHOLIC SCHOOL,VIA DERBY,NON-GOVERNMENT
WANANAMI REMOTE COMMUNITY SCHOOL,DERBY,PRIMARY SCHOOLS
WANDERING PRIMARY SCHOOL,WANDERING,PRIMARY SCHOOLS
WANDINA PRIMARY SCHOOL,WANDINA,PRIMARY SCHOOLS
WANGKATJUNGKA REMOTE COMMUNITY SCHOOL,CHRISTMAS CREEK,PRIMARY SCHOOLS
WANNEROO PRIMARY SCHOOL,WANNEROO,PRIMARY SCHOOLS
WANNEROO SECONDARY COLLEGE,WANNEROO,SECONDARY SCHOOLS
WARLAWURRU CATHOLIC SCHOOL,HALLS CREEK,NON-GOVERNMENT
WARNBRO COMMUNITY HIGH SCHOOL,WARNBRO,SECONDARY SCHOOLS
WARNBRO COMMUNITY HIGH SCHOOL EDUCATION SUPPORT CENTRE,WARNBRO,EDUCATION SUPPORT
WARNBRO PRIMARY SCHOOL,WARNBRO,PRIMARY SCHOOLS
WAROONA DISTRICT HIGH SCHOOL,WAROONA,DISTRICT HIGH SCHOOLS
WARRIAPENDI PRIMARY SCHOOL,BALGA,PRIMARY SCHOOLS
WARWICK SENIOR HIGH SCHOOL,WARWICK,SECONDARY SCHOOLS
WATHEROO PRIMARY SCHOOL,WATHEROO,PRIMARY SCHOOLS
WATTLE GROVE PRIMARY SCHOOL,WATTLE GROVE,PRIMARY SCHOOLS
WELD SQUARE PRIMARY SCHOOL,MORLEY,PRIMARY SCHOOLS
WELLARD PRIMARY SCHOOL,WELLARD,PRIMARY SCHOOLS
WELLSTEAD PRIMARY SCHOOL,WELLSTEAD,PRIMARY SCHOOLS
WEMBLEY DOWNS PRIMARY SCHOOL,WEMBLEY DOWNS,PRIMARY SCHOOLS
WEMBLEY PRIMARY SCHOOL,WEMBLEY,PRIMARY SCHOOLS
WESLEY COLLEGE,SOUTH PERTH,NON-GOVERNMENT
WEST BALCATTA PRIMARY SCHOOL,BALCATTA,PRIMARY SCHOOLS
WEST BEECHBORO PRIMARY SCHOOL,BEECHBORO,PRIMARY SCHOOLS
WEST BUSSELTON PRIMARY SCHOOL,BUSSELTON,PRIMARY SCHOOLS
WEST BYFORD PRIMARY SCHOOL,BYFORD,PRIMARY SCHOOLS
WEST COAST LANGUAGE DEVELOPMENT CENTRE,PADBURY,EDUCATION SUPPORT
WEST COAST SECONDARY EDUCATION SUPPORT CENTRE,WARWICK,EDUCATION SUPPORT
WEST COAST STEINER SCHOOL,NOLLAMARA,NON-GOVERNMENT
WEST GREENWOOD PRIMARY SCHOOL,GREENWOOD,PRIMARY SCHOOLS
WEST LEEDERVILLE PRIMARY SCHOOL,LEEDERVILLE,PRIMARY SCHOOLS
WEST LEEMING PRIMARY SCHOOL,LEEMING,PRIMARY SCHOOLS
WEST MORLEY PRIMARY SCHOOL,DIANELLA,PRIMARY SCHOOLS
WEST NORTHAM PRIMARY SCHOOL,NORTHAM,PRIMARY SCHOOLS
WESTERN AUSTRALIAN COLLEGE OF AGRICULTURE - CUNDERDIN,CUNDERDIN,SECONDARY SCHOOLS
WESTERN AUSTRALIAN COLLEGE OF AGRICULTURE - DENMARK,DENMARK,SECONDARY SCHOOLS
WESTERN AUSTRALIAN COLLEGE OF AGRICULTURE - HARVEY,WOKALUP,SECONDARY SCHOOLS
WESTERN AUSTRALIAN COLLEGE OF AGRICULTURE - MORAWA,MORAWA,SECONDARY SCHOOLS
WESTERN AUSTRALIAN COLLEGE OF AGRICULTURE - NARROGIN,NARROGIN,SECONDARY SCHOOLS
WESTFIELD PARK PRIMARY SCHOOL,CAMILLO,PRIMARY SCHOOLS
WESTMINSTER EDUCATION SUPPORT CENTRE,WESTMINSTER,EDUCATION SUPPORT
WESTMINSTER JUNIOR PRIMARY SCHOOL,WESTMINSTER,PRIMARY SCHOOLS
WESTMINSTER PRIMARY SCHOOL,WESTMINSTER,PRIMARY SCHOOLS
WHITE GUM VALLEY PRIMARY SCHOOL,WHITE GUM VALLEY,PRIMARY SCHOOLS
WHITFORD CATHOLIC PRIMARY SCHOOL,CRAIGIE,NON-GOVERNMENT
WICKEPIN PRIMARY SCHOOL,WICKEPIN,PRIMARY SCHOOLS
WICKHAM PRIMARY SCHOOL,WICKHAM,PRIMARY SCHOOLS
WILLANDRA PRIMARY SCHOOL,SEVILLE GROVE,PRIMARY SCHOOLS
WILLETTON PRIMARY SCHOOL,WILLETTON,PRIMARY SCHOOLS
WILLETTON SENIOR HIGH SCHOOL,WILLETTON,SECONDARY SCHOOLS
WILLIAMS PRIMARY SCHOOL,WILLIAMS,PRIMARY SCHOOLS
WILSON PARK PRIMARY SCHOOL,COLLIE,PRIMARY SCHOOLS
WILSON PRIMARY SCHOOL,WILSON,PRIMARY SCHOOLS
WILUNA REMOTE COMMUNITY SCHOOL,WILUNA,PRIMARY SCHOOLS
WINTERFOLD PRIMARY SCHOOL,BEACONSFIELD,PRIMARY SCHOOLS
WINTHROP PRIMARY SCHOOL,WINTHROP,PRIMARY SCHOOLS
WIRRABIRRA EDUCATION SUPPORT CENTRE,GOSNELLS,EDUCATION SUPPORT
WIRRABIRRA PRIMARY SCHOOL,GOSNELLS,PRIMARY SCHOOLS
WONGAN HILLS DISTRICT HIGH SCHOOL,WONGAN HILLS,DISTRICT HIGH SCHOOLS
WONGUTHA CHRISTIAN ABORIGINAL PARENT-DIRECTED SCHOOL,GIBSON,NON-GOVERNMENT
WOODANILLING PRIMARY SCHOOL,WOODANILLING,PRIMARY SCHOOLS
WOODBRIDGE PRIMARY SCHOOL,WOODBRIDGE,PRIMARY SCHOOLS
WOODBURY BOSTON PRIMARY SCHOOL,"TORBAY HILL, KRONKUP",NON-GOVERNMENT
WOODLAND GROVE PRIMARY SCHOOL,BYFORD,PRIMARY SCHOOLS
WOODLANDS PRIMARY SCHOOL,WOODLANDS,PRIMARY SCHOOLS
WOODLUPINE PRIMARY SCHOOL,FORRESTFIELD,PRIMARY SCHOOLS
WOODTHORPE SCHOOL,WILLETTON,NON-GOVERNMENT
WOODVALE PRIMARY SCHOOL,WOODVALE,PRIMARY SCHOOLS
WOODVALE SECONDARY COLLEGE,WOODVALE,SECONDARY SCHOOLS
WOOROLOO PRIMARY SCHOOL,WOOROLOO,PRIMARY SCHOOLS
WULUNGARRA SCHOOL,FITZROY CROSSING,NON-GOVERNMENT
WUNDOWIE PRIMARY SCHOOL,WUNDOWIE,PRIMARY SCHOOLS
WYALKATCHEM DISTRICT HIGH SCHOOL,WYALKATCHEM,DISTRICT HIGH SCHOOLS
WYNDHAM DISTRICT HIGH SCHOOL,WYNDHAM,DISTRICT HIGH SCHOOLS
XAVIER CATHOLIC SCHOOL,HILBERT,NON-GOVERNMENT
YAKAMIA PRIMARY SCHOOL,ALBANY,PRIMARY SCHOOLS
YAKANARRA COMMUNITY SCHOOL,YAKANARRA,NON-GOVERNMENT
YALE PRIMARY SCHOOL,THORNLIE,PRIMARY SCHOOLS
YALGOO PRIMARY SCHOOL,YALGOO,PRIMARY SCHOOLS
YALLINGUP STEINER SCHOOL,YALLINGUP,NON-GOVERNMENT
YANCHEP BEACH PRIMARY SCHOOL,YANCHEP,PRIMARY SCHOOLS
YANCHEP LAGOON PRIMARY SCHOOL,YANCHEP,PRIMARY SCHOOLS
YANCHEP SECONDARY COLLEGE,YANCHEP,SECONDARY SCHOOLS
YANDEYARRA REMOTE COMMUNITY SCHOOL,YANDEYARRA COMMUNITY,PRIMARY SCHOOLS
YANGEBUP PRIMARY SCHOOL,YANGEBUP,PRIMARY SCHOOLS
YARLOOP PRIMARY SCHOOL,YARLOOP,PRIMARY SCHOOLS
YEALERING PRIMARY SCHOOL,YEALERING,PRIMARY SCHOOLS
YERECOIN PRIMARY SCHOOL,YERECOIN,PRIMARY SCHOOLS
YIDARRA CATHOLIC PRIMARY SCHOOL,BATEMAN,NON-GOVERNMENT
YIRAMALAY/WESLEY STUDIO SCHOOL,VIA FITZROY CROSSING,NON-GOVERNMENT
YIYILI ABORIGINAL COMMUNITY SCHOOL,VIA HALLS CREEK,NON-GOVERNMENT
YOKINE PRIMARY SCHOOL,YOKINE,PRIMARY SCHOOLS
YORK DISTRICT HIGH SCHOOL,YORK,DISTRICT HIGH SCHOOLS
YULE BROOK COLLEGE,MADDINGTON,SECONDARY SCHOOLS
YULGA JINNA REMOTE COMMUNITY SCHOOL,YULGA JINNA REMOTE COMMUNITY,PRIMARY SCHOOLS
YULUMA PRIMARY SCHOOL,INNALOO,PRIMARY SCHOOLS
YUNA PRIMARY SCHOOL,YUNA,PRIMARY SCHOOLS
